train_item_id,clip_id,speaker_id,sentence_id,audio_duration_sec,audio_path,text_path,text,split,onset_detected,onset_sec,offset_sec,speech_duration_sec,onset_num_segments,onset_threshold,onset_noise_floor,onset_peak_rms
p225_01,p225_063,p225,063,3.159667,data/original/VCTK-Corpus/wav48/p225/p225_063.wav,data/original/VCTK-Corpus/txt/p225/p225_063.txt,Both sides have been hit by injury.,train_source,True,1.350000,3.040000,1.690000,3,0.00037921,0.00021067,0.05770719
p225_02,p225_070,p225,070,3.160958,data/original/VCTK-Corpus/wav48/p225/p225_070.wav,data/original/VCTK-Corpus/txt/p225/p225_070.txt,That is bound to happen.,train_source,True,1.790000,2.940000,1.150000,3,0.00040471,0.00022484,0.03096250
p225_03,p225_081,p225,081,3.118375,data/original/VCTK-Corpus/wav48/p225/p225_081.wav,data/original/VCTK-Corpus/txt/p225/p225_081.txt,I had no intention of misleading anyone.,train_source,True,1.290000,2.980000,1.690000,1,0.00038063,0.00021146,0.05121825
p225_04,p225_179,p225,179,3.118104,data/original/VCTK-Corpus/wav48/p225/p225_179.wav,data/original/VCTK-Corpus/txt/p225/p225_179.txt,They know no other way.,train_source,True,1.850000,3.060000,1.210000,1,0.00037406,0.00020781,0.02137517
p225_05,p225_238,p225,238,4.441125,data/original/VCTK-Corpus/wav48/p225/p225_238.wav,data/original/VCTK-Corpus/txt/p225/p225_238.txt,Paterson can afford to be generous.,train_source,True,2.530000,4.310000,1.780000,3,0.00054925,0.00030514,0.07797677
p225_06,p225_241,p225,241,4.527708,data/original/VCTK-Corpus/wav48/p225/p225_241.wav,data/original/VCTK-Corpus/txt/p225/p225_241.txt,"Well, they were the unlucky ones.",train_source,True,1.770000,4.520000,2.750000,2,0.00039931,0.00022184,0.03503599
p225_07,p225_279,p225,279,6.742583,data/original/VCTK-Corpus/wav48/p225/p225_279.wav,data/original/VCTK-Corpus/txt/p225/p225_279.txt,"Everything happened so quickly, that we were taken by surprise.",train_source,True,3.200000,6.600000,3.400000,5,0.00044811,0.00024895,0.03842713
p225_08,p225_296,p225,296,3.031708,data/original/VCTK-Corpus/wav48/p225/p225_296.wav,data/original/VCTK-Corpus/txt/p225/p225_296.txt,It goes back a long way.,train_source,True,1.220000,2.680000,1.460000,4,0.00042255,0.00023475,0.03436613
p225_09,p225_305,p225,305,3.546271,data/original/VCTK-Corpus/wav48/p225/p225_305.wav,data/original/VCTK-Corpus/txt/p225/p225_305.txt,Cast Away now on general release.,train_source,True,1.530000,3.430000,1.900000,2,0.00037799,0.00020999,0.06163073
p227_01,p227_047,p227,047,3.545854,data/original/VCTK-Corpus/wav48/p227/p227_047.wav,data/original/VCTK-Corpus/txt/p227/p227_047.txt,The casting of her husband was an accident.,train_source,True,0.670000,3.170000,2.500000,5,0.00027876,0.00015487,0.02255865
p227_02,p227_087,p227,087,4.441250,data/original/VCTK-Corpus/wav48/p227/p227_087.wav,data/original/VCTK-Corpus/txt/p227/p227_087.txt,The outsourcing deal will take effect in September.,train_source,True,0.680000,4.080000,3.400000,10,0.00029397,0.00016332,0.03067741
p227_03,p227_113,p227,113,3.374146,data/original/VCTK-Corpus/wav48/p227/p227_113.wav,data/original/VCTK-Corpus/txt/p227/p227_113.txt,"However, we have to be cautious.",train_source,True,0.540000,2.570000,2.030000,4,0.00026708,0.00014838,0.02268858
p227_04,p227_130,p227,130,4.224771,data/original/VCTK-Corpus/wav48/p227/p227_130.wav,data/original/VCTK-Corpus/txt/p227/p227_130.txt,He is a great addition to our team.,train_source,True,1.590000,4.030000,2.440000,7,0.00027424,0.00015235,0.03408593
p227_05,p227_180,p227,180,6.615708,data/original/VCTK-Corpus/wav48/p227/p227_180.wav,data/original/VCTK-Corpus/txt/p227/p227_180.txt,That will apply to both sets of fans.,train_source,True,1.180000,3.340000,2.160000,6,0.00031308,0.00017393,0.02824552
p227_06,p227_267,p227,267,3.116646,data/original/VCTK-Corpus/wav48/p227/p227_267.wav,data/original/VCTK-Corpus/txt/p227/p227_267.txt,What was the matter for concern ?,train_source,True,1.620000,2.970000,1.350000,2,0.00040935,0.00022742,0.02740103
p227_07,p227_323,p227,323,4.010875,data/original/VCTK-Corpus/wav48/p227/p227_323.wav,data/original/VCTK-Corpus/txt/p227/p227_323.txt,"If you can run a computer, you can talk to the world.",train_source,True,0.660000,3.740000,3.080000,11,0.00048717,0.00027065,0.02581957
p227_08,p227_350,p227,350,4.311229,data/original/VCTK-Corpus/wav48/p227/p227_350.wav,data/original/VCTK-Corpus/txt/p227/p227_350.txt,This is a trend which will be encouraged.,train_source,True,1.710000,3.900000,2.190000,7,0.00040703,0.00022613,0.03178279
p228_01,p228_066,p228,066,5.206812,data/original/VCTK-Corpus/wav48/p228/p228_066.wav,data/original/VCTK-Corpus/txt/p228/p228_066.txt,"Until recently, she worked as a recruitment consultant in London.",train_source,True,1.250000,5.050000,3.800000,10,0.00082171,0.00045650,0.03746183
p228_02,p228_110,p228,110,4.826625,data/original/VCTK-Corpus/wav48/p228/p228_110.wav,data/original/VCTK-Corpus/txt/p228/p228_110.txt,"We're not seeing an image of the person, he said.",train_source,True,1.860000,4.060000,2.200000,5,0.00053061,0.00029478,0.02323220
p228_03,p228_157,p228,157,4.480333,data/original/VCTK-Corpus/wav48/p228/p228_157.wav,data/original/VCTK-Corpus/txt/p228/p228_157.txt,The amount of energy in a tornado is enormous.,train_source,True,1.000000,3.970000,2.970000,6,0.00074507,0.00041393,0.02522537
p228_04,p228_320,p228,320,4.439271,data/original/VCTK-Corpus/wav48/p228/p228_320.wav,data/original/VCTK-Corpus/txt/p228/p228_320.txt,My first concern is for the safety of the public.,train_source,True,1.190000,4.050000,2.860000,5,0.00080957,0.00044976,0.05571022
p228_05,p228_321,p228,321,3.801229,data/original/VCTK-Corpus/wav48/p228/p228_321.wav,data/original/VCTK-Corpus/txt/p228/p228_321.txt,Robert is a special talent.,train_source,True,1.170000,2.580000,1.410000,4,0.00080441,0.00044690,0.04711512
p228_06,p228_335,p228,335,3.544417,data/original/VCTK-Corpus/wav48/p228/p228_335.wav,data/original/VCTK-Corpus/txt/p228/p228_335.txt,A great deal has been achieved.,train_source,True,1.290000,2.500000,1.210000,4,0.00079627,0.00044237,0.03089637
p228_07,p228_362,p228,362,4.996854,data/original/VCTK-Corpus/wav48/p228/p228_362.wav,data/original/VCTK-Corpus/txt/p228/p228_362.txt,It took about an hour for the gas to clear.,train_source,True,1.440000,3.360000,1.920000,4,0.00092813,0.00051563,0.04289848
p228_08,p228_364,p228,364,3.844104,data/original/VCTK-Corpus/wav48/p228/p228_364.wav,data/original/VCTK-Corpus/txt/p228/p228_364.txt,It is a simple equation.,train_source,True,1.370000,2.700000,1.330000,3,0.00074040,0.00041133,0.05506859
p228_09,p228_369,p228,369,3.630708,data/original/VCTK-Corpus/wav48/p228/p228_369.wav,data/original/VCTK-Corpus/txt/p228/p228_369.txt,There is no signature.,train_source,True,1.280000,3.240000,1.960000,3,0.00072474,0.00040263,0.03555517
p229_01,p229_023,p229,023,11.269333,data/original/VCTK-Corpus/wav48/p229/p229_023.wav,data/original/VCTK-Corpus/txt/p229/p229_023.txt,"If the red of the second bow falls upon the green of the first, the result is to give a bow with an abnormally wide yellow band, since red and green light when mixed form yellow.",train_source,True,1.440000,11.150000,9.710000,14,0.00055018,0.00030566,0.15585294
p229_02,p229_040,p229,040,4.612188,data/original/VCTK-Corpus/wav48/p229/p229_040.wav,data/original/VCTK-Corpus/txt/p229/p229_040.txt,"Two other men, including the taxi driver, were wounded in the attack.",train_source,True,1.070000,4.450000,3.380000,6,0.00051741,0.00028745,0.05539908
p229_03,p229_043,p229,043,3.928229,data/original/VCTK-Corpus/wav48/p229/p229_043.wav,data/original/VCTK-Corpus/txt/p229/p229_043.txt,People come into the Borders for the beauty of the background.,train_source,True,1.200000,3.680000,2.480000,6,0.00056409,0.00031338,0.08849879
p229_04,p229_127,p229,127,3.760000,data/original/VCTK-Corpus/wav48/p229/p229_127.wav,data/original/VCTK-Corpus/txt/p229/p229_127.txt,It was my own fault and I lost a lot of belief.,train_source,True,1.170000,3.550000,2.380000,3,0.00060115,0.00033397,0.04969368
p229_05,p229_153,p229,153,4.611500,data/original/VCTK-Corpus/wav48/p229/p229_153.wav,data/original/VCTK-Corpus/txt/p229/p229_153.txt,He felt that everything that was said about asylum seekers was negative.,train_source,True,1.040000,4.400000,3.360000,5,0.00053173,0.00029541,0.08494897
p229_06,p229_215,p229,215,3.118521,data/original/VCTK-Corpus/wav48/p229/p229_215.wav,data/original/VCTK-Corpus/txt/p229/p229_215.txt,The procedures were not in place.,train_source,True,1.360000,2.970000,1.610000,4,0.00079191,0.00043995,0.14217174
p229_07,p229_255,p229,255,4.096958,data/original/VCTK-Corpus/wav48/p229/p229_255.wav,data/original/VCTK-Corpus/txt/p229/p229_255.txt,A thousand years ago the church was a powerful force in Europe.,train_source,True,1.120000,3.930000,2.810000,4,0.00076524,0.00042513,0.05798680
p229_08,p229_269,p229,269,4.225937,data/original/VCTK-Corpus/wav48/p229/p229_269.wav,data/original/VCTK-Corpus/txt/p229/p229_269.txt,That decision is for the British Parliament and people.,train_source,True,1.450000,3.730000,2.280000,6,0.00082162,0.00045645,0.14148051
p229_09,p229_312,p229,312,4.312125,data/original/VCTK-Corpus/wav48/p229/p229_312.wav,data/original/VCTK-Corpus/txt/p229/p229_312.txt,"However, he is a coach, and he remains a coach at heart.",train_source,True,0.950000,4.020000,3.070000,7,0.00075241,0.00041800,0.07689168
p231_01,p231_017,p231,017,3.072938,data/original/VCTK-Corpus/wav48/p231/p231_017.wav,data/original/VCTK-Corpus/txt/p231/p231_017.txt,Others have tried to explain the phenomenon physically.,train_source,True,0.810000,2.870000,2.060000,5,0.00055905,0.00031059,0.04192251
p231_02,p231_044,p231,044,3.628812,data/original/VCTK-Corpus/wav48/p231/p231_044.wav,data/original/VCTK-Corpus/txt/p231/p231_044.txt,He declined to reveal the offer price which was accepted.,train_source,True,0.680000,2.820000,2.140000,6,0.00055382,0.00030768,0.03839453
p231_03,p231_078,p231,078,3.162167,data/original/VCTK-Corpus/wav48/p231/p231_078.wav,data/original/VCTK-Corpus/txt/p231/p231_078.txt,After five weeks the vehicle will be sold at auction.,train_source,True,0.770000,2.820000,2.050000,6,0.00052779,0.00029321,0.02952192
p231_04,p231_144,p231,144,3.328229,data/original/VCTK-Corpus/wav48/p231/p231_144.wav,data/original/VCTK-Corpus/txt/p231/p231_144.txt,"Five minutes later, the home team were back in front.",train_source,True,0.800000,2.820000,2.020000,8,0.00086390,0.00047995,0.03962147
p231_05,p231_272,p231,272,3.628771,data/original/VCTK-Corpus/wav48/p231/p231_272.wav,data/original/VCTK-Corpus/txt/p231/p231_272.txt,This news came after the stock market closed on Monday.,train_source,True,1.110000,3.210000,2.100000,4,0.00076630,0.00042572,0.04143847
p231_06,p231_295,p231,295,3.969271,data/original/VCTK-Corpus/wav48/p231/p231_295.wav,data/original/VCTK-Corpus/txt/p231/p231_295.txt,There was a final revealing detail about the broadcast.,train_source,True,1.220000,3.580000,2.360000,6,0.00075616,0.00042009,0.05450920
p231_07,p231_323,p231,323,3.716438,data/original/VCTK-Corpus/wav48/p231/p231_323.wav,data/original/VCTK-Corpus/txt/p231/p231_323.txt,"However, Walker remains determined to fight the proposals.",train_source,True,0.880000,3.440000,2.560000,5,0.00074735,0.00041520,0.03225439
p231_08,p231_339,p231,339,3.073375,data/original/VCTK-Corpus/wav48/p231/p231_339.wav,data/original/VCTK-Corpus/txt/p231/p231_339.txt,"In his absence, the council adopted the change.",train_source,True,0.830000,2.900000,2.070000,6,0.00078580,0.00043656,0.05582341
p231_09,p231_343,p231,343,3.882979,data/original/VCTK-Corpus/wav48/p231/p231_343.wav,data/original/VCTK-Corpus/txt/p231/p231_343.txt,Shoppers were attracted by the heavy discounting on selected items.,train_source,True,0.850000,3.630000,2.780000,8,0.00077267,0.00042926,0.04009728
p232_01,p232_011,p232,011,6.828146,data/original/VCTK-Corpus/wav48/p232/p232_011.wav,data/original/VCTK-Corpus/txt/p232/p232_011.txt,"When a man looks for something beyond his reach, his friends say he is looking for the pot of gold at the end of the rainbow.",train_source,True,0.510000,6.730000,6.220000,12,0.00052978,0.00029432,0.06172544
p232_02,p232_060,p232,060,3.116208,data/original/VCTK-Corpus/wav48/p232/p232_060.wav,data/original/VCTK-Corpus/txt/p232/p232_060.txt,"That is very hard, alone.",train_source,True,1.210000,2.340000,1.130000,1,0.00054682,0.00030379,0.03230070
p232_03,p232_199,p232,199,3.458417,data/original/VCTK-Corpus/wav48/p232/p232_199.wav,data/original/VCTK-Corpus/txt/p232/p232_199.txt,The service from the other players was super.,train_source,True,1.650000,3.240000,1.590000,3,0.00107430,0.00059683,0.06144247
p232_04,p232_200,p232,200,4.098979,data/original/VCTK-Corpus/wav48/p232/p232_200.wav,data/original/VCTK-Corpus/txt/p232/p232_200.txt,He's not written as a terribly exciting person in the book.,train_source,True,0.680000,3.550000,2.870000,7,0.00042449,0.00023583,0.03927311
p232_05,p232_216,p232,216,3.971042,data/original/VCTK-Corpus/wav48/p232/p232_216.wav,data/original/VCTK-Corpus/txt/p232/p232_216.txt,He would discuss the peace process in Northern Ireland.,train_source,True,1.550000,3.700000,2.150000,5,0.00037900,0.00021056,0.04696043
p232_06,p232_275,p232,275,3.373625,data/original/VCTK-Corpus/wav48/p232/p232_275.wav,data/original/VCTK-Corpus/txt/p232/p232_275.txt,Lottery money was intended to be used for good causes.,train_source,True,0.570000,3.370000,2.800000,6,0.00038400,0.00021333,0.03796101
p232_07,p232_303,p232,303,4.252875,data/original/VCTK-Corpus/wav48/p232/p232_303.wav,data/original/VCTK-Corpus/txt/p232/p232_303.txt,He was adamant that he was still ahead on everything that matters.,train_source,True,0.680000,4.010000,3.330000,5,0.00036849,0.00020472,0.03407261
p232_08,p232_373,p232,373,3.672396,data/original/VCTK-Corpus/wav48/p232/p232_373.wav,data/original/VCTK-Corpus/txt/p232/p232_373.txt,Mr Anderson was not acting in the course of his employment.,train_source,True,1.020000,3.470000,2.450000,3,0.00036561,0.00020312,0.04252486
p233_01,p233_049,p233,049,3.759083,data/original/VCTK-Corpus/wav48/p233/p233_049.wav,data/original/VCTK-Corpus/txt/p233/p233_049.txt,Part of the complex is historic.,train_source,True,1.720000,3.300000,1.580000,5,0.00039933,0.00022185,0.05101912
p233_02,p233_155,p233,155,3.287625,data/original/VCTK-Corpus/wav48/p233/p233_155.wav,data/original/VCTK-Corpus/txt/p233/p233_155.txt,He will emerge as a world leader.,train_source,True,1.020000,2.560000,1.540000,1,0.00060928,0.00033849,0.03251691
p233_03,p233_178,p233,178,3.332083,data/original/VCTK-Corpus/wav48/p233/p233_178.wav,data/original/VCTK-Corpus/txt/p233/p233_178.txt,Waiting times for these services are too long.,train_source,True,1.130000,3.160000,2.030000,3,0.00054910,0.00030505,0.06339760
p233_04,p233_223,p233,223,4.398062,data/original/VCTK-Corpus/wav48/p233/p233_223.wav,data/original/VCTK-Corpus/txt/p233/p233_223.txt,The workers do not want to read about their futures in newspapers.,train_source,True,1.200000,4.250000,3.050000,9,0.00052027,0.00028904,0.04420492
p233_05,p233_303,p233,303,3.031604,data/original/VCTK-Corpus/wav48/p233/p233_303.wav,data/original/VCTK-Corpus/txt/p233/p233_303.txt,One was a lawyer.,train_source,True,1.230000,2.050000,0.820000,1,0.00053528,0.00029738,0.04431658
p233_06,p233_350,p233,350,3.546479,data/original/VCTK-Corpus/wav48/p233/p233_350.wav,data/original/VCTK-Corpus/txt/p233/p233_350.txt,"However, it was well worth the wait.",train_source,True,0.820000,2.680000,1.860000,4,0.00051754,0.00028752,0.04703977
p233_07,p233_351,p233,351,3.033771,data/original/VCTK-Corpus/wav48/p233/p233_351.wav,data/original/VCTK-Corpus/txt/p233/p233_351.txt,He agreed with my proposal.,train_source,True,0.960000,2.290000,1.330000,3,0.00051010,0.00028339,0.02317339
p233_08,p233_384,p233,384,3.332146,data/original/VCTK-Corpus/wav48/p233/p233_384.wav,data/original/VCTK-Corpus/txt/p233/p233_384.txt,That will come after the game on Saturday.,train_source,True,1.520000,3.270000,1.750000,6,0.00052846,0.00029359,0.06135138
p234_01,p234_004,p234,004,4.866542,data/original/VCTK-Corpus/wav48/p234/p234_004.wav,data/original/VCTK-Corpus/txt/p234/p234_004.txt,We also need a small plastic snake and a big toy frog for the kids.,train_source,True,0.850000,4.390000,3.540000,8,0.00057139,0.00031744,0.06666778
p234_02,p234_091,p234,091,3.713021,data/original/VCTK-Corpus/wav48/p234/p234_091.wav,data/original/VCTK-Corpus/txt/p234/p234_091.txt,"However, we will obviously keep the matter under review.",train_source,True,0.730000,3.240000,2.510000,3,0.00041613,0.00023118,0.05023308
p234_03,p234_184,p234,184,3.286625,data/original/VCTK-Corpus/wav48/p234/p234_184.wav,data/original/VCTK-Corpus/txt/p234/p234_184.txt,They were not seeking the right to strike.,train_source,True,0.570000,2.550000,1.980000,5,0.00039413,0.00021896,0.03986943
p234_04,p234_236,p234,236,4.313792,data/original/VCTK-Corpus/wav48/p234/p234_236.wav,data/original/VCTK-Corpus/txt/p234/p234_236.txt,"Indeed, he sees a shortage of skilled workers on the horizon.",train_source,True,1.040000,3.830000,2.790000,8,0.00044244,0.00024580,0.05552608
p234_05,p234_256,p234,256,4.012979,data/original/VCTK-Corpus/wav48/p234/p234_256.wav,data/original/VCTK-Corpus/txt/p234/p234_256.txt,This is a sensible and common sense approach.,train_source,True,0.660000,3.540000,2.880000,7,0.00041452,0.00023029,0.03505739
p234_06,p234_264,p234,264,5.932313,data/original/VCTK-Corpus/wav48/p234/p234_264.wav,data/original/VCTK-Corpus/txt/p234/p234_264.txt,Scotland played a major part in the project.,train_source,True,1.940000,4.270000,2.330000,10,0.00038674,0.00021486,0.02206990
p234_07,p234_266,p234,266,3.414542,data/original/VCTK-Corpus/wav48/p234/p234_266.wav,data/original/VCTK-Corpus/txt/p234/p234_266.txt,Not in this production he doesn't.,train_source,True,0.900000,2.330000,1.430000,4,0.00040009,0.00022227,0.03100942
p234_08,p234_279,p234,279,4.311583,data/original/VCTK-Corpus/wav48/p234/p234_279.wav,data/original/VCTK-Corpus/txt/p234/p234_279.txt,"However, no further action was taken by police.",train_source,True,0.630000,3.410000,2.780000,6,0.00039853,0.00022141,0.02749151
p237_01,p237_001,p237,001,3.331812,data/original/VCTK-Corpus/wav48/p237/p237_001.wav,data/original/VCTK-Corpus/txt/p237/p237_001.txt,Please call Stella.,train_source,True,1.940000,2.990000,1.050000,3,0.00054707,0.00030393,0.03328840
p237_02,p237_060,p237,060,4.397417,data/original/VCTK-Corpus/wav48/p237/p237_060.wav,data/original/VCTK-Corpus/txt/p237/p237_060.txt,New York is expected to come to a standstill.,train_source,True,1.510000,3.620000,2.110000,5,0.00058529,0.00032516,0.04810494
p237_03,p237_081,p237,081,3.670313,data/original/VCTK-Corpus/wav48/p237/p237_081.wav,data/original/VCTK-Corpus/txt/p237/p237_081.txt,It's all going to clear the debt.,train_source,True,1.880000,2.950000,1.070000,2,0.00056072,0.00031151,0.02950369
p237_04,p237_099,p237,099,4.014104,data/original/VCTK-Corpus/wav48/p237/p237_099.wav,data/original/VCTK-Corpus/txt/p237/p237_099.txt,"By that time, however, it was already too late.",train_source,True,0.680000,3.570000,2.890000,5,0.00053886,0.00029937,0.02783425
p237_05,p237_170,p237,170,3.971396,data/original/VCTK-Corpus/wav48/p237/p237_170.wav,data/original/VCTK-Corpus/txt/p237/p237_170.txt,It could take years for the tunnel to be reopened.,train_source,True,1.790000,3.470000,1.680000,6,0.00087244,0.00048469,0.02791662
p237_06,p237_176,p237,176,3.290083,data/original/VCTK-Corpus/wav48/p237/p237_176.wav,data/original/VCTK-Corpus/txt/p237/p237_176.txt,Does that put pressure on us ?,train_source,True,0.930000,2.960000,2.030000,3,0.00057444,0.00031913,0.02623614
p237_07,p237_177,p237,177,3.502979,data/original/VCTK-Corpus/wav48/p237/p237_177.wav,data/original/VCTK-Corpus/txt/p237/p237_177.txt,The release attracted little attention.,train_source,True,0.980000,3.440000,2.460000,5,0.00059371,0.00032984,0.02659949
p237_08,p237_258,p237,258,4.186396,data/original/VCTK-Corpus/wav48/p237/p237_258.wav,data/original/VCTK-Corpus/txt/p237/p237_258.txt,Both reports appear in the British Medical Journal.,train_source,True,0.870000,3.600000,2.730000,9,0.00061728,0.00034294,0.01824008
p238_01,p238_003,p238,003,8.321854,data/original/VCTK-Corpus/wav48/p238/p238_003.wav,data/original/VCTK-Corpus/txt/p238/p238_003.txt,"Six spoons of fresh snow peas, five thick slabs of blue cheese, and maybe a snack for her brother Bob.",train_source,True,0.820000,7.500000,6.680000,17,0.00038609,0.00021450,0.06343921
p238_02,p238_075,p238,075,3.842042,data/original/VCTK-Corpus/wav48/p238/p238_075.wav,data/original/VCTK-Corpus/txt/p238/p238_075.txt,The wingers must have felt the cold.,train_source,True,0.670000,2.670000,2.000000,2,0.00039902,0.00022168,0.07516238
p238_03,p238_076,p238,076,3.072708,data/original/VCTK-Corpus/wav48/p238/p238_076.wav,data/original/VCTK-Corpus/txt/p238/p238_076.txt,I am relishing the challenge.,train_source,True,0.610000,2.260000,1.650000,1,0.00043083,0.00023935,0.04169889
p238_04,p238_150,p238,150,3.375958,data/original/VCTK-Corpus/wav48/p238/p238_150.wav,data/original/VCTK-Corpus/txt/p238/p238_150.txt,It is a vicious circle.,train_source,True,0.560000,2.000000,1.440000,4,0.00038744,0.00021524,0.06624335
p238_05,p238_168,p238,168,3.033375,data/original/VCTK-Corpus/wav48/p238/p238_168.wav,data/original/VCTK-Corpus/txt/p238/p238_168.txt,They almost achieved a draw.,train_source,True,0.690000,2.340000,1.650000,6,0.00037419,0.00020789,0.05463910
p238_06,p238_177,p238,177,3.459542,data/original/VCTK-Corpus/wav48/p238/p238_177.wav,data/original/VCTK-Corpus/txt/p238/p238_177.txt,The changes took effect from June.,train_source,True,0.770000,2.620000,1.850000,3,0.00043063,0.00023924,0.04960902
p238_07,p238_363,p238,363,4.225208,data/original/VCTK-Corpus/wav48/p238/p238_363.wav,data/original/VCTK-Corpus/txt/p238/p238_363.txt,A small number of new jobs will also be created.,train_source,True,0.770000,4.040000,3.270000,8,0.00039461,0.00021923,0.06697038
p238_08,p238_394,p238,394,3.501937,data/original/VCTK-Corpus/wav48/p238/p238_394.wav,data/original/VCTK-Corpus/txt/p238/p238_394.txt,He was dead on arrival at hospital.,train_source,True,0.840000,3.080000,2.240000,5,0.00040846,0.00022692,0.05304186
p238_09,p238_434,p238,434,4.397521,data/original/VCTK-Corpus/wav48/p238/p238_434.wav,data/original/VCTK-Corpus/txt/p238/p238_434.txt,They can now see the rewards for working hard at the game.,train_source,True,0.610000,4.160000,3.550000,7,0.00041468,0.00023038,0.05957153
p240_01,p240_020,p240,020,4.399750,data/original/VCTK-Corpus/wav48/p240/p240_020.wav,data/original/VCTK-Corpus/txt/p240/p240_020.txt,Many complicated ideas about the rainbow have been formed.,train_source,True,1.200000,3.830000,2.630000,9,0.00080478,0.00044710,0.03145874
p240_02,p240_052,p240,052,5.077667,data/original/VCTK-Corpus/wav48/p240/p240_052.wav,data/original/VCTK-Corpus/txt/p240/p240_052.txt,The Yugoslav president said he did not recognise the election outcome.,train_source,True,1.590000,4.960000,3.370000,10,0.00072789,0.00040438,0.06611352
p240_03,p240_057,p240,057,4.483583,data/original/VCTK-Corpus/wav48/p240/p240_057.wav,data/original/VCTK-Corpus/txt/p240/p240_057.txt,"I got a great response from the players, as I had expected.",train_source,True,1.180000,4.160000,2.980000,11,0.00081052,0.00045029,0.08322563
p240_04,p240_157,p240,157,3.503396,data/original/VCTK-Corpus/wav48/p240/p240_157.wav,data/original/VCTK-Corpus/txt/p240/p240_157.txt,"Hopefully, we can learn from our mistakes.",train_source,True,1.210000,3.340000,2.130000,5,0.00073866,0.00041037,0.05141292
p240_05,p240_163,p240,163,3.244354,data/original/VCTK-Corpus/wav48/p240/p240_163.wav,data/original/VCTK-Corpus/txt/p240/p240_163.txt,We knew we had the goal we wanted.,train_source,True,1.110000,2.790000,1.680000,4,0.00077095,0.00042830,0.02133113
p240_06,p240_187,p240,187,3.118042,data/original/VCTK-Corpus/wav48/p240/p240_187.wav,data/original/VCTK-Corpus/txt/p240/p240_187.txt,"It was an odd affair, in many respects.",train_source,True,0.720000,2.870000,2.150000,4,0.00078684,0.00043713,0.05913182
p240_07,p240_220,p240,220,4.654125,data/original/VCTK-Corpus/wav48/p240/p240_220.wav,data/original/VCTK-Corpus/txt/p240/p240_220.txt,He said that healthy eating was high on the council agenda.,train_source,True,0.700000,4.140000,3.440000,7,0.00073962,0.00041090,0.10639238
p240_08,p240_221,p240,221,3.589167,data/original/VCTK-Corpus/wav48/p240/p240_221.wav,data/original/VCTK-Corpus/txt/p240/p240_221.txt,The Prime Minister has a huge regard for Mo.,train_source,True,0.940000,3.250000,2.310000,2,0.00076011,0.00042228,0.05574791
p240_09,p240_271,p240,271,3.843562,data/original/VCTK-Corpus/wav48/p240/p240_271.wav,data/original/VCTK-Corpus/txt/p240/p240_271.txt,"Brown is an interesting man, but he is not desperate.",train_source,True,0.930000,3.330000,2.400000,6,0.00074932,0.00041629,0.06136822
p243_01,p243_109,p243,109,4.225271,data/original/VCTK-Corpus/wav48/p243/p243_109.wav,data/original/VCTK-Corpus/txt/p243/p243_109.txt,Scotland is never far away at Westminster.,train_source,True,1.100000,3.430000,2.330000,5,0.00029569,0.00016427,0.02502436
p243_02,p243_141,p243,141,3.288792,data/original/VCTK-Corpus/wav48/p243/p243_141.wav,data/original/VCTK-Corpus/txt/p243/p243_141.txt,I am not under any new pressure.,train_source,True,1.050000,2.840000,1.790000,2,0.00033044,0.00018358,0.02258419
p243_03,p243_185,p243,185,3.887062,data/original/VCTK-Corpus/wav48/p243/p243_185.wav,data/original/VCTK-Corpus/txt/p243/p243_185.txt,I made my mind up before we came on tour.,train_source,True,1.230000,3.540000,2.310000,4,0.00028365,0.00015758,0.02763642
p243_04,p243_193,p243,193,3.373125,data/original/VCTK-Corpus/wav48/p243/p243_193.wav,data/original/VCTK-Corpus/txt/p243/p243_193.txt,It involved everything in terms of behaviour.,train_source,True,0.510000,3.130000,2.620000,4,0.00029164,0.00016202,0.02730145
p243_05,p243_247,p243,247,3.841604,data/original/VCTK-Corpus/wav48/p243/p243_247.wav,data/original/VCTK-Corpus/txt/p243/p243_247.txt,Church leaders warned other homes could close.,train_source,True,0.510000,3.610000,3.100000,4,0.00028501,0.00015834,0.02391985
p243_06,p243_271,p243,271,3.802667,data/original/VCTK-Corpus/wav48/p243/p243_271.wav,data/original/VCTK-Corpus/txt/p243/p243_271.txt,That's been the difference between the sides.,train_source,True,1.480000,3.590000,2.110000,5,0.00026949,0.00014972,0.02937085
p243_07,p243_287,p243,287,5.078688,data/original/VCTK-Corpus/wav48/p243/p243_287.wav,data/original/VCTK-Corpus/txt/p243/p243_287.txt,Wall Street provided the British market with little fresh direction.,train_source,True,0.490000,4.390000,3.900000,6,0.00028759,0.00015977,0.03486113
p243_08,p243_319,p243,319,4.352854,data/original/VCTK-Corpus/wav48/p243/p243_319.wav,data/original/VCTK-Corpus/txt/p243/p243_319.txt,That's the danger when you have to play too many young players.,train_source,True,1.280000,4.260000,2.980000,4,0.00027293,0.00015163,0.02979929
p243_09,p243_344,p243,344,4.354125,data/original/VCTK-Corpus/wav48/p243/p243_344.wav,data/original/VCTK-Corpus/txt/p243/p243_344.txt,Martin O Neill called this game almost exactly right.,train_source,True,0.830000,3.640000,2.810000,7,0.00027672,0.00015373,0.02328133
p245_01,p245_034,p245,034,5.892938,data/original/VCTK-Corpus/wav48/p245/p245_034.wav,data/original/VCTK-Corpus/txt/p245/p245_034.txt,They did not replace it with a conviction for culpable homicide.,train_source,True,1.410000,5.710000,4.300000,9,0.00040329,0.00022405,0.02590704
p245_02,p245_125,p245,125,3.286396,data/original/VCTK-Corpus/wav48/p245/p245_125.wav,data/original/VCTK-Corpus/txt/p245/p245_125.txt,We want to keep the pound.,train_source,True,1.630000,3.120000,1.490000,5,0.00056754,0.00031530,0.01981504
p245_03,p245_218,p245,218,4.527292,data/original/VCTK-Corpus/wav48/p245/p245_218.wav,data/original/VCTK-Corpus/txt/p245/p245_218.txt,My wife and family are the support system.,train_source,True,1.420000,3.920000,2.500000,4,0.00039406,0.00021892,0.04293812
p245_04,p245_229,p245,229,3.755458,data/original/VCTK-Corpus/wav48/p245/p245_229.wav,data/original/VCTK-Corpus/txt/p245/p245_229.txt,"He was good, but not that good.",train_source,True,1.630000,3.670000,2.040000,6,0.00038653,0.00021474,0.01985005
p245_05,p245_247,p245,247,3.458312,data/original/VCTK-Corpus/wav48/p245/p245_247.wav,data/original/VCTK-Corpus/txt/p245/p245_247.txt,They need to look after themselves.,train_source,True,1.490000,3.360000,1.870000,4,0.00047219,0.00026233,0.02209755
p245_06,p245_267,p245,267,3.971375,data/original/VCTK-Corpus/wav48/p245/p245_267.wav,data/original/VCTK-Corpus/txt/p245/p245_267.txt,Our objective is to tackle poverty.,train_source,True,1.800000,3.780000,1.980000,7,0.00059270,0.00032928,0.03066998
p245_07,p245_289,p245,289,3.372000,data/original/VCTK-Corpus/wav48/p245/p245_289.wav,data/original/VCTK-Corpus/txt/p245/p245_289.txt,Sunday's game was not a trial.,train_source,True,1.180000,3.160000,1.980000,4,0.00053544,0.00029747,0.05571430
p245_08,p245_297,p245,297,5.377333,data/original/VCTK-Corpus/wav48/p245/p245_297.wav,data/original/VCTK-Corpus/txt/p245/p245_297.txt,"The confidence is low, but it is a difficult thing to understand.",train_source,True,1.400000,5.350000,3.950000,8,0.00053397,0.00029665,0.02970658
p245_09,p245_309,p245,309,5.633625,data/original/VCTK-Corpus/wav48/p245/p245_309.wav,data/original/VCTK-Corpus/txt/p245/p245_309.txt,and that another interested body should have an option to buy.,train_source,True,1.630000,5.110000,3.480000,6,0.00051938,0.00028855,0.02747518
p248_01,p248_006,p248,006,7.682792,data/original/VCTK-Corpus/wav48/p248/p248_006.wav,data/original/VCTK-Corpus/txt/p248/p248_006.txt,"When the sunlight strikes raindrops in the air, they act as a prism and form a rainbow.",train_source,True,1.370000,7.360000,5.990000,11,0.00040670,0.00022594,0.11019089
p248_02,p248_111,p248,111,3.159042,data/original/VCTK-Corpus/wav48/p248/p248_111.wav,data/original/VCTK-Corpus/txt/p248/p248_111.txt,We do not expect any surplus.,train_source,True,0.950000,3.070000,2.120000,5,0.00027985,0.00015547,0.05714348
p248_03,p248_173,p248,173,5.082229,data/original/VCTK-Corpus/wav48/p248/p248_173.wav,data/original/VCTK-Corpus/txt/p248/p248_173.txt,You have got to get people from all sorts of different directions.,train_source,True,1.130000,5.030000,3.900000,10,0.00025220,0.00014011,0.04376690
p248_04,p248_216,p248,216,4.139146,data/original/VCTK-Corpus/wav48/p248/p248_216.wav,data/original/VCTK-Corpus/txt/p248/p248_216.txt,I've got to hold my own hands up for this one.,train_source,True,1.020000,3.920000,2.900000,5,0.00020809,0.00011560,0.04190172
p248_05,p248_227,p248,227,3.158688,data/original/VCTK-Corpus/wav48/p248/p248_227.wav,data/original/VCTK-Corpus/txt/p248/p248_227.txt,The track is currently covered in snow.,train_source,True,1.200000,3.010000,1.810000,4,0.00021046,0.00011692,0.05188636
p248_06,p248_237,p248,237,3.884063,data/original/VCTK-Corpus/wav48/p248/p248_237.wav,data/original/VCTK-Corpus/txt/p248/p248_237.txt,"It is not an option, but a policy requirement.",train_source,True,0.660000,3.330000,2.670000,8,0.00020738,0.00011521,0.04525622
p248_07,p248_268,p248,268,3.203521,data/original/VCTK-Corpus/wav48/p248/p248_268.wav,data/original/VCTK-Corpus/txt/p248/p248_268.txt,I am totally horrified by the sentence.,train_source,True,0.690000,3.090000,2.400000,6,0.00019689,0.00010938,0.03062345
p248_08,p248_314,p248,314,3.673729,data/original/VCTK-Corpus/wav48/p248/p248_314.wav,data/original/VCTK-Corpus/txt/p248/p248_314.txt,"The parents will have a great time, too.",train_source,True,1.280000,3.110000,1.830000,5,0.00022102,0.00012279,0.05194145
p248_09,p248_334,p248,334,4.737125,data/original/VCTK-Corpus/wav48/p248/p248_334.wav,data/original/VCTK-Corpus/txt/p248/p248_334.txt,"In the early days, I was obsessed with working in the theatre.",train_source,True,1.090000,4.370000,3.280000,8,0.00019598,0.00010888,0.02846825
p250_01,p250_008,p250,008,6.571750,data/original/VCTK-Corpus/wav48/p250/p250_008.wav,data/original/VCTK-Corpus/txt/p250/p250_008.txt,"These take the shape of a long round arch, with its path high above, and its two ends apparently beyond the horizon.",train_source,True,0.870000,6.390000,5.520000,14,0.00053621,0.00029790,0.06324119
p250_02,p250_013,p250,013,3.627271,data/original/VCTK-Corpus/wav48/p250/p250_013.wav,data/original/VCTK-Corpus/txt/p250/p250_013.txt,Some have accepted it as a miracle without physical explanation.,train_source,True,0.710000,3.330000,2.620000,7,0.00059545,0.00033081,0.04784247
p250_03,p250_071,p250,071,3.034229,data/original/VCTK-Corpus/wav48/p250/p250_071.wav,data/original/VCTK-Corpus/txt/p250/p250_071.txt,He later became a respected High Court judge.,train_source,True,0.640000,3.000000,2.360000,8,0.00043679,0.00024266,0.04662360
p250_04,p250_117,p250,117,4.055792,data/original/VCTK-Corpus/wav48/p250/p250_117.wav,data/original/VCTK-Corpus/txt/p250/p250_117.txt,"However, the intensive care unit at the Southern General Hospital was full.",train_source,True,0.680000,3.860000,3.180000,6,0.00040533,0.00022518,0.05828597
p250_05,p250_130,p250,130,3.161437,data/original/VCTK-Corpus/wav48/p250/p250_130.wav,data/original/VCTK-Corpus/txt/p250/p250_130.txt,"The situation is not easy, but we will prevail.",train_source,True,0.600000,2.870000,2.270000,5,0.00039961,0.00022200,0.04395392
p250_06,p250_273,p250,273,3.032583,data/original/VCTK-Corpus/wav48/p250/p250_273.wav,data/original/VCTK-Corpus/txt/p250/p250_273.txt,There will be widespread support on all sides.,train_source,True,0.560000,2.900000,2.340000,6,0.00038991,0.00021662,0.03828673
p250_07,p250_312,p250,312,3.672563,data/original/VCTK-Corpus/wav48/p250/p250_312.wav,data/original/VCTK-Corpus/txt/p250/p250_312.txt,"However, he will have his work cut out defending his title.",train_source,True,0.770000,3.440000,2.670000,7,0.00041086,0.00022826,0.02849455
p250_08,p250_320,p250,320,3.116354,data/original/VCTK-Corpus/wav48/p250/p250_320.wav,data/original/VCTK-Corpus/txt/p250/p250_320.txt,We would hope to make progress on that next year.,train_source,True,1.060000,2.880000,1.820000,8,0.00040712,0.00022618,0.02587006
p251_01,p251_005,p251,005,6.618583,data/original/VCTK-Corpus/wav48/p251/p251_005.wav,data/original/VCTK-Corpus/txt/p251/p251_005.txt,"She can scoop these things into three red bags, and we will go meet her Wednesday at the train station.",train_source,True,1.300000,6.500000,5.200000,10,0.00059670,0.00033150,0.04763535
p251_02,p251_014,p251,014,5.677250,data/original/VCTK-Corpus/wav48/p251/p251_014.wav,data/original/VCTK-Corpus/txt/p251/p251_014.txt,To the Hebrews it was a token that there would be no more universal floods.,train_source,True,1.560000,5.340000,3.780000,6,0.00070247,0.00039026,0.01950655
p251_03,p251_030,p251,030,4.186167,data/original/VCTK-Corpus/wav48/p251/p251_030.wav,data/original/VCTK-Corpus/txt/p251/p251_030.txt,"So if we can take anything from tonight, it will be fantastic.",train_source,True,1.250000,4.140000,2.890000,7,0.00052179,0.00028988,0.07646221
p251_04,p251_178,p251,178,3.157771,data/original/VCTK-Corpus/wav48/p251/p251_178.wav,data/original/VCTK-Corpus/txt/p251/p251_178.txt,We are very concerned about controller fatigue.,train_source,True,0.920000,2.950000,2.030000,4,0.00056575,0.00031431,0.09424907
p251_05,p251_201,p251,201,4.651000,data/original/VCTK-Corpus/wav48/p251/p251_201.wav,data/original/VCTK-Corpus/txt/p251/p251_201.txt,"It was served by sheriff officers, not by the council.",train_source,True,1.470000,4.610000,3.140000,4,0.00061242,0.00034023,0.08991857
p251_06,p251_208,p251,208,3.844313,data/original/VCTK-Corpus/wav48/p251/p251_208.wav,data/original/VCTK-Corpus/txt/p251/p251_208.txt,We see the rapid reaction force as the way ahead.,train_source,True,1.040000,3.370000,2.330000,4,0.00059154,0.00032863,0.04299696
p251_07,p251_268,p251,268,3.715250,data/original/VCTK-Corpus/wav48/p251/p251_268.wav,data/original/VCTK-Corpus/txt/p251/p251_268.txt,They are interior designers and architects.,train_source,True,1.260000,3.580000,2.320000,4,0.00058567,0.00032537,0.04000535
p251_08,p251_293,p251,293,3.205333,data/original/VCTK-Corpus/wav48/p251/p251_293.wav,data/original/VCTK-Corpus/txt/p251/p251_293.txt,One knows the feeling.,train_source,True,1.200000,2.230000,1.030000,1,0.00091709,0.00050949,0.05605476
p252_01,p252_039,p252,039,4.227708,data/original/VCTK-Corpus/wav48/p252/p252_039.wav,data/original/VCTK-Corpus/txt/p252/p252_039.txt,Everyone has to prove a point when they cross that white line.,train_source,True,0.940000,3.680000,2.740000,6,0.00055069,0.00030594,0.02860799
p252_02,p252_195,p252,195,3.075542,data/original/VCTK-Corpus/wav48/p252/p252_195.wav,data/original/VCTK-Corpus/txt/p252/p252_195.txt,Which can happen any time.,train_source,True,1.590000,2.660000,1.070000,2,0.00055034,0.00030575,0.03842022
p252_03,p252_208,p252,208,3.626875,data/original/VCTK-Corpus/wav48/p252/p252_208.wav,data/original/VCTK-Corpus/txt/p252/p252_208.txt,The role was perfect for Russell.,train_source,True,1.620000,3.010000,1.390000,3,0.00053602,0.00029779,0.04478990
p252_04,p252_238,p252,238,7.042771,data/original/VCTK-Corpus/wav48/p252/p252_238.wav,data/original/VCTK-Corpus/txt/p252/p252_238.txt,The full Cabinet will meet today to discuss the oil crisis.,train_source,True,3.570000,6.470000,2.900000,9,0.00064947,0.00036082,0.05087784
p252_05,p252_266,p252,266,3.501396,data/original/VCTK-Corpus/wav48/p252/p252_266.wav,data/original/VCTK-Corpus/txt/p252/p252_266.txt,Look at a computer.,train_source,True,1.870000,2.810000,0.940000,4,0.00053446,0.00029692,0.02410547
p252_06,p252_279,p252,279,5.637333,data/original/VCTK-Corpus/wav48/p252/p252_279.wav,data/original/VCTK-Corpus/txt/p252/p252_279.txt,Those three goals in five minutes changed the game.,train_source,True,2.830000,4.940000,2.110000,4,0.00052874,0.00029375,0.03753063
p252_07,p252_281,p252,281,7.385187,data/original/VCTK-Corpus/wav48/p252/p252_281.wav,data/original/VCTK-Corpus/txt/p252/p252_281.txt,I hope numbers will be up on last time.,train_source,True,5.140000,6.910000,1.770000,5,0.00054975,0.00030541,0.02657643
p252_08,p252_303,p252,303,3.799792,data/original/VCTK-Corpus/wav48/p252/p252_303.wav,data/original/VCTK-Corpus/txt/p252/p252_303.txt,Tomorrow will be my last.,train_source,True,2.150000,3.400000,1.250000,2,0.00052982,0.00029434,0.02054239
p252_09,p252_321,p252,321,5.167167,data/original/VCTK-Corpus/wav48/p252/p252_321.wav,data/original/VCTK-Corpus/txt/p252/p252_321.txt,We lost to a poor team.,train_source,True,2.990000,4.130000,1.140000,4,0.00054291,0.00030162,0.04033913
p257_01,p257_242,p257,242,3.244792,data/original/VCTK-Corpus/wav48/p257/p257_242.wav,data/original/VCTK-Corpus/txt/p257/p257_242.txt,We decided we would go for a specialist inside centre.,train_source,True,0.540000,3.080000,2.540000,7,0.00075019,0.00041677,0.05135739
p257_02,p257_307,p257,307,3.802542,data/original/VCTK-Corpus/wav48/p257/p257_307.wav,data/original/VCTK-Corpus/txt/p257/p257_307.txt,Ms Anderson yesterday put a brave face on the departure.,train_source,True,1.270000,3.680000,2.410000,5,0.00054728,0.00030404,0.03197165
p257_03,p257_319,p257,319,3.034125,data/original/VCTK-Corpus/wav48/p257/p257_319.wav,data/original/VCTK-Corpus/txt/p257/p257_319.txt,You can see it on the training ground and around the hotel.,train_source,True,0.360000,2.750000,2.390000,4,0.00054790,0.00030439,0.03231650
p257_04,p257_339,p257,339,3.543833,data/original/VCTK-Corpus/wav48/p257/p257_339.wav,data/original/VCTK-Corpus/txt/p257/p257_339.txt,He met Mr Davies to establish the scale of the scandal.,train_source,True,0.610000,3.210000,2.600000,10,0.00056074,0.00031152,0.03533026
p257_05,p257_364,p257,364,3.374604,data/original/VCTK-Corpus/wav48/p257/p257_364.wav,data/original/VCTK-Corpus/txt/p257/p257_364.txt,"Since then, he has played no active part in the company.",train_source,True,0.460000,3.130000,2.670000,10,0.00058440,0.00032467,0.01621901
p257_06,p257_367,p257,367,3.414333,data/original/VCTK-Corpus/wav48/p257/p257_367.wav,data/original/VCTK-Corpus/txt/p257/p257_367.txt,A council spokesman said it had been a constructive meeting.,train_source,True,0.440000,3.150000,2.710000,9,0.00055429,0.00030794,0.02375318
p257_07,p257_379,p257,379,3.798521,data/original/VCTK-Corpus/wav48/p257/p257_379.wav,data/original/VCTK-Corpus/txt/p257/p257_379.txt,He repeated his call for an inquiry into the police response.,train_source,True,0.570000,3.440000,2.870000,10,0.00052063,0.00028924,0.02168379
p257_08,p257_383,p257,383,3.627104,data/original/VCTK-Corpus/wav48/p257/p257_383.wav,data/original/VCTK-Corpus/txt/p257/p257_383.txt,The orchestra was already increasing the scope of its ambitions.,train_source,True,0.490000,3.450000,2.960000,8,0.00054595,0.00030331,0.02447828
p261_01,p261_048,p261,048,3.247146,data/original/VCTK-Corpus/wav48/p261/p261_048.wav,data/original/VCTK-Corpus/txt/p261/p261_048.txt,Pulled a huge number of viewers.,train_source,True,0.580000,2.730000,2.150000,3,0.00057155,0.00031753,0.04003954
p261_02,p261_055,p261,055,4.309979,data/original/VCTK-Corpus/wav48/p261/p261_055.wav,data/original/VCTK-Corpus/txt/p261/p261_055.txt,The rate of growth in road traffic is already beginning to slow.,train_source,True,0.540000,4.050000,3.510000,7,0.00057354,0.00031863,0.04452729
p261_03,p261_066,p261,066,3.372354,data/original/VCTK-Corpus/wav48/p261/p261_066.wav,data/original/VCTK-Corpus/txt/p261/p261_066.txt,Strathclyde police have appealed for witnesses.,train_source,True,0.500000,3.170000,2.670000,6,0.00052639,0.00029244,0.05327129
p261_04,p261_072,p261,072,4.826667,data/original/VCTK-Corpus/wav48/p261/p261_072.wav,data/original/VCTK-Corpus/txt/p261/p261_072.txt,"The talks were announced yesterday by Brian Wilson, the foreign office minister.",train_source,True,0.630000,4.640000,4.010000,6,0.00052271,0.00029039,0.06827499
p261_05,p261_276,p261,276,3.754854,data/original/VCTK-Corpus/wav48/p261/p261_276.wav,data/original/VCTK-Corpus/txt/p261/p261_276.txt,They must show the commitment and the work to go with it.,train_source,True,0.860000,3.240000,2.380000,6,0.00038981,0.00021656,0.02965714
p261_06,p261_288,p261,288,3.158875,data/original/VCTK-Corpus/wav48/p261/p261_288.wav,data/original/VCTK-Corpus/txt/p261/p261_288.txt,It would be a tragedy if it had to close.,train_source,True,0.940000,2.950000,2.010000,4,0.00038362,0.00021312,0.02203441
p261_07,p261_384,p261,384,3.415938,data/original/VCTK-Corpus/wav48/p261/p261_384.wav,data/original/VCTK-Corpus/txt/p261/p261_384.txt,We regret that they were brought in the first place.,train_source,True,0.740000,3.090000,2.350000,6,0.00039822,0.00022123,0.03087072
p261_08,p261_433,p261,433,3.886583,data/original/VCTK-Corpus/wav48/p261/p261_433.wav,data/original/VCTK-Corpus/txt/p261/p261_433.txt,It succeeds in a direct and convincing manner.,train_source,True,0.540000,3.780000,3.240000,7,0.00037494,0.00020830,0.02752177
p261_09,p261_439,p261,439,3.841167,data/original/VCTK-Corpus/wav48/p261/p261_439.wav,data/original/VCTK-Corpus/txt/p261/p261_439.txt,I'm looking for work in Bath and back home in Scotland.,train_source,True,0.760000,3.550000,2.790000,9,0.00039710,0.00022061,0.02336891
p263_01,p263_050,p263,050,4.140562,data/original/VCTK-Corpus/wav48/p263/p263_050.wav,data/original/VCTK-Corpus/txt/p263/p263_050.txt,People were determined to change the Government in the last election.,train_source,True,1.030000,3.920000,2.890000,5,0.00053988,0.00029993,0.03762736
p263_02,p263_124,p263,124,3.373458,data/original/VCTK-Corpus/wav48/p263/p263_124.wav,data/original/VCTK-Corpus/txt/p263/p263_124.txt,"Thereafter, he set his mind on becoming a doctor.",train_source,True,0.910000,3.240000,2.330000,3,0.00057418,0.00031899,0.03107684
p263_03,p263_200,p263,200,3.844813,data/original/VCTK-Corpus/wav48/p263/p263_200.wav,data/original/VCTK-Corpus/txt/p263/p263_200.txt,We are committed to realising the potential of every child.,train_source,True,0.820000,3.550000,2.730000,8,0.00054953,0.00030529,0.02731484
p263_04,p263_293,p263,293,3.716854,data/original/VCTK-Corpus/wav48/p263/p263_293.wav,data/original/VCTK-Corpus/txt/p263/p263_293.txt,Further expansion has been achieved in Germany and Italy.,train_source,True,0.720000,3.520000,2.800000,4,0.00050830,0.00028239,0.03245648
p263_05,p263_316,p263,316,3.713062,data/original/VCTK-Corpus/wav48/p263/p263_316.wav,data/original/VCTK-Corpus/txt/p263/p263_316.txt,But it is understood to have happened after weeks of arguments.,train_source,True,0.970000,3.460000,2.490000,6,0.00058295,0.00032386,0.04204964
p263_06,p263_336,p263,336,3.588896,data/original/VCTK-Corpus/wav48/p263/p263_336.wav,data/original/VCTK-Corpus/txt/p263/p263_336.txt,The result was a crisis for the global financial system.,train_source,True,0.780000,3.490000,2.710000,3,0.00055777,0.00030987,0.02795379
p263_07,p263_424,p263,424,3.800583,data/original/VCTK-Corpus/wav48/p263/p263_424.wav,data/original/VCTK-Corpus/txt/p263/p263_424.txt,We have received a number of inquiries from interested parties.,train_source,True,0.860000,3.690000,2.830000,4,0.00057929,0.00032183,0.05358323
p263_08,p263_438,p263,438,3.329958,data/original/VCTK-Corpus/wav48/p263/p263_438.wav,data/original/VCTK-Corpus/txt/p263/p263_438.txt,I can't wait for the season to end.,train_source,True,1.250000,2.920000,1.670000,3,0.00052608,0.00029227,0.03124712
p263_09,p263_470,p263,470,3.800875,data/original/VCTK-Corpus/wav48/p263/p263_470.wav,data/original/VCTK-Corpus/txt/p263/p263_470.txt,There is a similar story for milk and dairy products.,train_source,True,0.770000,3.530000,2.760000,4,0.00055147,0.00030637,0.05857918
p266_01,p266_123,p266,123,4.183604,data/original/VCTK-Corpus/wav48/p266/p266_123.wav,data/original/VCTK-Corpus/txt/p266/p266_123.txt,We recognise the important role of golf in attracting visitors.,train_source,True,1.030000,3.970000,2.940000,6,0.00075672,0.00042040,0.03340684
p266_02,p266_147,p266,147,4.651208,data/original/VCTK-Corpus/wav48/p266/p266_147.wav,data/original/VCTK-Corpus/txt/p266/p266_147.txt,"He sets the nature of his Parliament in a simple, realistic context.",train_source,True,0.820000,4.310000,3.490000,9,0.00081283,0.00045157,0.08153866
p266_03,p266_158,p266,158,3.756687,data/original/VCTK-Corpus/wav48/p266/p266_158.wav,data/original/VCTK-Corpus/txt/p266/p266_158.txt,"For the refugees, the return will not come a moment too soon.",train_source,True,0.890000,3.630000,2.740000,3,0.00076650,0.00042583,0.04391292
p266_04,p266_163,p266,163,4.438354,data/original/VCTK-Corpus/wav48/p266/p266_163.wav,data/original/VCTK-Corpus/txt/p266/p266_163.txt,Councillors are expected to take a decision within the next few weeks.,train_source,True,0.990000,4.130000,3.140000,7,0.00080150,0.00044528,0.05580040
p266_05,p266_191,p266,191,3.459229,data/original/VCTK-Corpus/wav48/p266/p266_191.wav,data/original/VCTK-Corpus/txt/p266/p266_191.txt,"It's a commission, and it's for work, a year's work.",train_source,True,0.950000,3.290000,2.340000,6,0.00086020,0.00047789,0.08870458
p266_06,p266_223,p266,223,3.627521,data/original/VCTK-Corpus/wav48/p266/p266_223.wav,data/original/VCTK-Corpus/txt/p266/p266_223.txt,It is perfectly evident that the time for an inquiry will come.,train_source,True,0.840000,3.530000,2.690000,4,0.00075399,0.00041888,0.03967037
p266_07,p266_314,p266,314,3.842896,data/original/VCTK-Corpus/wav48/p266/p266_314.wav,data/original/VCTK-Corpus/txt/p266/p266_314.txt,I will not allow the destruction of the Scottish fishing industry.,train_source,True,0.910000,3.530000,2.620000,6,0.00073212,0.00040673,0.02580010
p266_08,p266_351,p266,351,4.183979,data/original/VCTK-Corpus/wav48/p266/p266_351.wav,data/original/VCTK-Corpus/txt/p266/p266_351.txt,Rangers can expect a physical battle in the national stadium tonight.,train_source,True,0.850000,4.020000,3.170000,10,0.00081364,0.00045202,0.06057648
p266_09,p266_378,p266,378,3.589208,data/original/VCTK-Corpus/wav48/p266/p266_378.wav,data/original/VCTK-Corpus/txt/p266/p266_378.txt,I'm not going to get upset by two comedy promoters.,train_source,True,1.070000,3.450000,2.380000,7,0.00085309,0.00047394,0.06397646
p267_01,p267_041,p267,041,3.160083,data/original/VCTK-Corpus/wav48/p267/p267_041.wav,data/original/VCTK-Corpus/txt/p267/p267_041.txt,The whole of southern Africa is in the grip of Aids.,train_source,True,0.770000,3.160000,2.390000,5,0.00092426,0.00051348,0.05137766
p267_02,p267_049,p267,049,3.159312,data/original/VCTK-Corpus/wav48/p267/p267_049.wav,data/original/VCTK-Corpus/txt/p267/p267_049.txt,They just thought it was extremely good acting.,train_source,True,1.130000,2.930000,1.800000,5,0.00077343,0.00042968,0.04703366
p267_03,p267_082,p267,082,3.116833,data/original/VCTK-Corpus/wav48/p267/p267_082.wav,data/original/VCTK-Corpus/txt/p267/p267_082.txt,The cut is excellent news for the consumer.,train_source,True,0.920000,2.840000,1.920000,2,0.00081877,0.00045487,0.06555451
p267_04,p267_097,p267,097,3.460271,data/original/VCTK-Corpus/wav48/p267/p267_097.wav,data/original/VCTK-Corpus/txt/p267/p267_097.txt,It is a total and utter change of culture.,train_source,True,1.110000,3.210000,2.100000,6,0.00076215,0.00042342,0.04447776
p267_05,p267_179,p267,179,3.329312,data/original/VCTK-Corpus/wav48/p267/p267_179.wav,data/original/VCTK-Corpus/txt/p267/p267_179.txt,The European Union is a case in point.,train_source,True,1.100000,3.260000,2.160000,5,0.00089287,0.00049604,0.04548998
p267_06,p267_221,p267,221,3.115167,data/original/VCTK-Corpus/wav48/p267/p267_221.wav,data/original/VCTK-Corpus/txt/p267/p267_221.txt,Women were mostly notable by their absence.,train_source,True,0.930000,3.110000,2.180000,6,0.00080031,0.00044461,0.04256859
p267_07,p267_244,p267,244,3.243396,data/original/VCTK-Corpus/wav48/p267/p267_244.wav,data/original/VCTK-Corpus/txt/p267/p267_244.txt,We have come a long way in the last few sessions.,train_source,True,0.910000,3.170000,2.260000,3,0.00074279,0.00041266,0.02317425
p267_08,p267_276,p267,276,3.671750,data/original/VCTK-Corpus/wav48/p267/p267_276.wav,data/original/VCTK-Corpus/txt/p267/p267_276.txt,A lot of their players have developed in the English league.,train_source,True,0.640000,3.190000,2.550000,5,0.00085465,0.00047480,0.03319070
p267_09,p267_326,p267,326,3.286354,data/original/VCTK-Corpus/wav48/p267/p267_326.wav,data/original/VCTK-Corpus/txt/p267/p267_326.txt,The deal was presented yesterday as a merger.,train_source,True,0.630000,3.150000,2.520000,4,0.00075696,0.00042053,0.06227344
p268_01,p268_082,p268,082,3.075375,data/original/VCTK-Corpus/wav48/p268/p268_082.wav,data/original/VCTK-Corpus/txt/p268/p268_082.txt,But I had never been in a theatre.,train_source,True,0.970000,2.780000,1.810000,4,0.00048765,0.00027092,0.01893177
p268_02,p268_165,p268,165,3.759521,data/original/VCTK-Corpus/wav48/p268/p268_165.wav,data/original/VCTK-Corpus/txt/p268/p268_165.txt,But the relief was short-lived.,train_source,True,1.510000,2.930000,1.420000,3,0.00028494,0.00015830,0.02063024
p268_03,p268_214,p268,214,4.442542,data/original/VCTK-Corpus/wav48/p268/p268_214.wav,data/original/VCTK-Corpus/txt/p268/p268_214.txt,"Don Hutchison, too, is a threat.",train_source,True,1.510000,3.490000,1.980000,4,0.00028128,0.00015627,0.03355766
p268_04,p268_222,p268,222,7.211458,data/original/VCTK-Corpus/wav48/p268/p268_222.wav,data/original/VCTK-Corpus/txt/p268/p268_222.txt,Arnie ignores the suggestion that he has ever been anywhere else.,train_source,True,1.620000,6.600000,4.980000,10,0.00030205,0.00016781,0.03169926
p268_05,p268_229,p268,229,4.266854,data/original/VCTK-Corpus/wav48/p268/p268_229.wav,data/original/VCTK-Corpus/txt/p268/p268_229.txt,"For businesses, the benefits will be enormous.",train_source,True,1.480000,4.050000,2.570000,5,0.00026119,0.00014511,0.03489432
p268_06,p268_267,p268,267,4.140104,data/original/VCTK-Corpus/wav48/p268/p268_267.wav,data/original/VCTK-Corpus/txt/p268/p268_267.txt,Bobby Williamson has been brilliant.,train_source,True,1.560000,3.520000,1.960000,4,0.00026927,0.00014959,0.01887562
p268_07,p268_284,p268,284,4.312375,data/original/VCTK-Corpus/wav48/p268/p268_284.wav,data/original/VCTK-Corpus/txt/p268/p268_284.txt,Injuries have taken their toll.,train_source,True,1.390000,2.890000,1.500000,4,0.00026860,0.00014922,0.01937331
p268_08,p268_392,p268,392,4.010958,data/original/VCTK-Corpus/wav48/p268/p268_392.wav,data/original/VCTK-Corpus/txt/p268/p268_392.txt,Potions said he would drive.,train_source,True,1.700000,3.550000,1.850000,4,0.00029340,0.00016300,0.02891692
p268_09,p268_402,p268,402,4.910667,data/original/VCTK-Corpus/wav48/p268/p268_402.wav,data/original/VCTK-Corpus/txt/p268/p268_402.txt,There is no change in principle from the White Paper.,train_source,True,1.610000,4.330000,2.720000,8,0.00026774,0.00014874,0.03738374
p269_01,p269_049,p269,049,3.457729,data/original/VCTK-Corpus/wav48/p269/p269_049.wav,data/original/VCTK-Corpus/txt/p269/p269_049.txt,Her body was found about four miles from the car.,train_source,True,1.050000,3.290000,2.240000,3,0.00077427,0.00043015,0.05234431
p269_02,p269_090,p269,090,3.670167,data/original/VCTK-Corpus/wav48/p269/p269_090.wav,data/original/VCTK-Corpus/txt/p269/p269_090.txt,He put some colour into Scottish history.,train_source,True,1.380000,3.450000,2.070000,5,0.00076925,0.00042736,0.10197884
p269_03,p269_129,p269,129,3.758625,data/original/VCTK-Corpus/wav48/p269/p269_129.wav,data/original/VCTK-Corpus/txt/p269/p269_129.txt,It's terrible that he has died the same way.,train_source,True,1.210000,3.250000,2.040000,4,0.00081343,0.00045190,0.07557050
p269_04,p269_134,p269,134,3.373250,data/original/VCTK-Corpus/wav48/p269/p269_134.wav,data/original/VCTK-Corpus/txt/p269/p269_134.txt,We had a reunion last week.,train_source,True,1.610000,3.010000,1.400000,3,0.00073760,0.00040978,0.04908312
p269_05,p269_193,p269,193,3.543396,data/original/VCTK-Corpus/wav48/p269/p269_193.wav,data/original/VCTK-Corpus/txt/p269/p269_193.txt,It had been in place since last July.,train_source,True,1.350000,3.190000,1.840000,4,0.00074470,0.00041372,0.07077797
p269_06,p269_194,p269,194,4.140646,data/original/VCTK-Corpus/wav48/p269/p269_194.wav,data/original/VCTK-Corpus/txt/p269/p269_194.txt,"I think the Commission has been very, very slow to react.",train_source,True,1.210000,4.120000,2.910000,6,0.00080284,0.00044602,0.06070408
p269_07,p269_207,p269,207,4.183083,data/original/VCTK-Corpus/wav48/p269/p269_207.wav,data/original/VCTK-Corpus/txt/p269/p269_207.txt,I had been at the Evening Standard for two years.,train_source,True,1.690000,4.010000,2.320000,6,0.00076700,0.00042611,0.05574439
p269_08,p269_274,p269,274,3.844083,data/original/VCTK-Corpus/wav48/p269/p269_274.wav,data/original/VCTK-Corpus/txt/p269/p269_274.txt,Similar measures are expected in England and Wales.,train_source,True,1.180000,3.580000,2.400000,4,0.00076415,0.00042453,0.05504328
p269_09,p269_388,p269,388,3.457167,data/original/VCTK-Corpus/wav48/p269/p269_388.wav,data/original/VCTK-Corpus/txt/p269/p269_388.txt,A young Briton had a lucky escape.,train_source,True,1.320000,2.980000,1.660000,5,0.00077909,0.00043283,0.01714722
p270_01,p270_068,p270,068,3.883167,data/original/VCTK-Corpus/wav48/p270/p270_068.wav,data/original/VCTK-Corpus/txt/p270/p270_068.txt,Then followed a bout of flu.,train_source,True,1.250000,3.570000,2.320000,6,0.00131677,0.00073154,0.02359176
p270_02,p270_101,p270,101,4.781458,data/original/VCTK-Corpus/wav48/p270/p270_101.wav,data/original/VCTK-Corpus/txt/p270/p270_101.txt,But his speech was delivered by a senior civil servant.,train_source,True,1.250000,4.430000,3.180000,5,0.00136868,0.00076038,0.08154307
p270_03,p270_111,p270,111,3.159604,data/original/VCTK-Corpus/wav48/p270/p270_111.wav,data/original/VCTK-Corpus/txt/p270/p270_111.txt,The website has changed the company.,train_source,True,0.950000,2.940000,1.990000,5,0.00110404,0.00061335,0.06811263
p270_04,p270_115,p270,115,4.186208,data/original/VCTK-Corpus/wav48/p270/p270_115.wav,data/original/VCTK-Corpus/txt/p270/p270_115.txt,Its replacement was not used in the exercise.,train_source,True,0.920000,3.970000,3.050000,8,0.00125447,0.00069693,0.04584641
p270_05,p270_158,p270,158,3.031646,data/original/VCTK-Corpus/wav48/p270/p270_158.wav,data/original/VCTK-Corpus/txt/p270/p270_158.txt,Do you think we are a top nation ?,train_source,True,0.980000,2.800000,1.820000,4,0.00122709,0.00068171,0.04154284
p270_06,p270_185,p270,185,3.290083,data/original/VCTK-Corpus/wav48/p270/p270_185.wav,data/original/VCTK-Corpus/txt/p270/p270_185.txt,It appears that it was just a genuine mistake.,train_source,True,0.640000,2.900000,2.260000,7,0.00111351,0.00061862,0.05255518
p270_07,p270_239,p270,239,3.797792,data/original/VCTK-Corpus/wav48/p270/p270_239.wav,data/original/VCTK-Corpus/txt/p270/p270_239.txt,The plan was yesterday endorsed by employers and unions.,train_source,True,0.910000,3.630000,2.720000,4,0.00107574,0.00059764,0.03575428
p270_08,p270_259,p270,259,3.458229,data/original/VCTK-Corpus/wav48/p270/p270_259.wav,data/original/VCTK-Corpus/txt/p270/p270_259.txt,"Either way, the investor retains the premium.",train_source,True,0.680000,3.130000,2.450000,5,0.00124984,0.00069435,0.05353309
p270_09,p270_307,p270,307,4.139854,data/original/VCTK-Corpus/wav48/p270/p270_307.wav,data/original/VCTK-Corpus/txt/p270/p270_307.txt,His day had started much like any other Sunday.,train_source,True,0.760000,3.910000,3.150000,6,0.00133610,0.00074228,0.05283896
p271_01,p271_026,p271,026,3.713021,data/original/VCTK-Corpus/wav48/p271/p271_026.wav,data/original/VCTK-Corpus/txt/p271/p271_026.txt,"We have to pull together, or we will hang apart.",train_source,True,0.810000,3.540000,2.730000,4,0.00040387,0.00022437,0.03083926
p271_02,p271_051,p271,051,4.267417,data/original/VCTK-Corpus/wav48/p271/p271_051.wav,data/original/VCTK-Corpus/txt/p271/p271_051.txt,No-one has appeared in court in relation to her death.,train_source,True,1.050000,4.120000,3.070000,4,0.00042156,0.00023420,0.04359160
p271_03,p271_135,p271,135,3.033771,data/original/VCTK-Corpus/wav48/p271/p271_135.wav,data/original/VCTK-Corpus/txt/p271/p271_135.txt,It was very frightened and dirty.,train_source,True,1.200000,2.860000,1.660000,3,0.00058616,0.00032564,0.05754100
p271_04,p271_142,p271,142,3.929063,data/original/VCTK-Corpus/wav48/p271/p271_142.wav,data/original/VCTK-Corpus/txt/p271/p271_142.txt,"Suddenly, the Fir Park side were in disarray.",train_source,True,0.980000,3.830000,2.850000,4,0.00040785,0.00022658,0.09444739
p271_05,p271_251,p271,251,3.757292,data/original/VCTK-Corpus/wav48/p271/p271_251.wav,data/original/VCTK-Corpus/txt/p271/p271_251.txt,"We lost our composure towards the interval, he said.",train_source,True,1.060000,3.690000,2.630000,5,0.00041921,0.00023290,0.05817669
p271_06,p271_310,p271,310,4.356979,data/original/VCTK-Corpus/wav48/p271/p271_310.wav,data/original/VCTK-Corpus/txt/p271/p271_310.txt,It wasn't just the character and energy of the playing.,train_source,True,0.550000,3.760000,3.210000,6,0.00039720,0.00022066,0.06926612
p271_07,p271_318,p271,318,3.289896,data/original/VCTK-Corpus/wav48/p271/p271_318.wav,data/original/VCTK-Corpus/txt/p271/p271_318.txt,The election is total confusion and chaos.,train_source,True,0.850000,3.240000,2.390000,5,0.00040046,0.00022248,0.03824760
p271_08,p271_422,p271,422,3.755667,data/original/VCTK-Corpus/wav48/p271/p271_422.wav,data/original/VCTK-Corpus/txt/p271/p271_422.txt,I've invented a village in East Lothian.,train_source,True,1.330000,3.570000,2.240000,2,0.00041507,0.00023059,0.06649889
p271_09,p271_444,p271,444,5.120958,data/original/VCTK-Corpus/wav48/p271/p271_444.wav,data/original/VCTK-Corpus/txt/p271/p271_444.txt,"However, he held out little hope that the Government would take action.",train_source,True,0.900000,4.820000,3.920000,9,0.00041235,0.00022909,0.03357567
p272_01,p272_082,p272,082,4.224958,data/original/VCTK-Corpus/wav48/p272/p272_082.wav,data/original/VCTK-Corpus/txt/p272/p272_082.txt,The First Minister is scheduled to be elected by the Parliament tomorrow.,train_source,True,0.830000,3.970000,3.140000,10,0.00083105,0.00046169,0.03673282
p272_02,p272_108,p272,108,4.097771,data/original/VCTK-Corpus/wav48/p272/p272_108.wav,data/original/VCTK-Corpus/txt/p272/p272_108.txt,"Previously, they were raised in the European Court of Human Rights.",train_source,True,0.700000,3.890000,3.190000,5,0.00078599,0.00043666,0.02782524
p272_03,p272_140,p272,140,4.394896,data/original/VCTK-Corpus/wav48/p272/p272_140.wav,data/original/VCTK-Corpus/txt/p272/p272_140.txt,It is not satisfied with the standard of fire safety provisions.,train_source,True,0.890000,3.860000,2.970000,6,0.00093591,0.00051995,0.03110276
p272_04,p272_243,p272,243,4.783292,data/original/VCTK-Corpus/wav48/p272/p272_243.wav,data/original/VCTK-Corpus/txt/p272/p272_243.txt,"For the Scottish judges, the affair is very delicate and unique.",train_source,True,0.950000,4.610000,3.660000,6,0.00076067,0.00042260,0.04019001
p272_05,p272_320,p272,320,3.586562,data/original/VCTK-Corpus/wav48/p272/p272_320.wav,data/original/VCTK-Corpus/txt/p272/p272_320.txt,Later in the day he was forced to explain his position.,train_source,True,0.810000,3.340000,2.530000,5,0.00076512,0.00042507,0.01827546
p272_06,p272_322,p272,322,3.286333,data/original/VCTK-Corpus/wav48/p272/p272_322.wav,data/original/VCTK-Corpus/txt/p272/p272_322.txt,The same things will happen with GM foods.,train_source,True,0.900000,3.000000,2.100000,3,0.00073897,0.00041054,0.02677425
p272_07,p272_332,p272,332,4.697896,data/original/VCTK-Corpus/wav48/p272/p272_332.wav,data/original/VCTK-Corpus/txt/p272/p272_332.txt,"Yet, for my money, he was not the man of the match.",train_source,True,0.710000,4.270000,3.560000,7,0.00086385,0.00047992,0.02283709
p272_08,p272_342,p272,342,4.268271,data/original/VCTK-Corpus/wav48/p272/p272_342.wav,data/original/VCTK-Corpus/txt/p272/p272_342.txt,Another case of foot-and-mouth disease was confirmed in Scotland yesterday.,train_source,True,0.640000,4.260000,3.620000,8,0.00084274,0.00046819,0.02635120
p272_09,p272_348,p272,348,4.143021,data/original/VCTK-Corpus/wav48/p272/p272_348.wav,data/original/VCTK-Corpus/txt/p272/p272_348.txt,To do so he reckons that a good opening result is essential.,train_source,True,1.060000,3.840000,2.780000,5,0.00080428,0.00044682,0.03374987
p273_01,p273_040,p273,040,3.115167,data/original/VCTK-Corpus/wav48/p273/p273_040.wav,data/original/VCTK-Corpus/txt/p273/p273_040.txt,People want to see me on the screen.,train_source,True,1.160000,2.680000,1.520000,3,0.00053422,0.00029679,0.03709142
p273_02,p273_046,p273,046,3.413562,data/original/VCTK-Corpus/wav48/p273/p273_046.wav,data/original/VCTK-Corpus/txt/p273/p273_046.txt,The drivers had an awful lot of verbal abuse.,train_source,True,0.910000,3.060000,2.150000,4,0.00055120,0.00030622,0.02833043
p273_03,p273_062,p273,062,3.329563,data/original/VCTK-Corpus/wav48/p273/p273_062.wav,data/original/VCTK-Corpus/txt/p273/p273_062.txt,Robin Williams is very subdued.,train_source,True,1.050000,2.660000,1.610000,2,0.00058139,0.00032300,0.01569496
p273_04,p273_112,p273,112,4.485208,data/original/VCTK-Corpus/wav48/p273/p273_112.wav,data/original/VCTK-Corpus/txt/p273/p273_112.txt,Strathclyde Police are expected to make an announcement next month.,train_source,True,0.680000,4.260000,3.580000,11,0.00055215,0.00030675,0.02903471
p273_05,p273_191,p273,191,3.588521,data/original/VCTK-Corpus/wav48/p273/p273_191.wav,data/original/VCTK-Corpus/txt/p273/p273_191.txt,The guidelines are expected to be finalised before next spring.,train_source,True,0.890000,3.430000,2.540000,7,0.00053677,0.00029821,0.01656589
p273_06,p273_224,p273,224,3.162292,data/original/VCTK-Corpus/wav48/p273/p273_224.wav,data/original/VCTK-Corpus/txt/p273/p273_224.txt,But he failed to win the committee's support.,train_source,True,0.900000,2.470000,1.570000,5,0.00052844,0.00029358,0.02317382
p273_07,p273_333,p273,333,3.457083,data/original/VCTK-Corpus/wav48/p273/p273_333.wav,data/original/VCTK-Corpus/txt/p273/p273_333.txt,He declined to comment on possible disposals.,train_source,True,1.200000,3.390000,2.190000,6,0.00054857,0.00030476,0.02263245
p273_08,p273_341,p273,341,3.714104,data/original/VCTK-Corpus/wav48/p273/p273_341.wav,data/original/VCTK-Corpus/txt/p273/p273_341.txt,Many of these properties are located in the south of England.,train_source,True,0.860000,3.320000,2.460000,4,0.00054676,0.00030375,0.03842137
p273_09,p273_369,p273,369,5.633000,data/original/VCTK-Corpus/wav48/p273/p273_369.wav,data/original/VCTK-Corpus/txt/p273/p273_369.txt,The statement finally came on Wednesday night after the market had closed.,train_source,True,1.470000,5.300000,3.830000,9,0.00059254,0.00032919,0.07158061
p274_01,p274_114,p274,114,3.332688,data/original/VCTK-Corpus/wav48/p274/p274_114.wav,data/original/VCTK-Corpus/txt/p274/p274_114.txt,It was a good game to watch.),train_source,True,1.560000,3.220000,1.660000,5,0.00027169,0.00015094,0.03791146
p274_02,p274_202,p274,202,3.797563,data/original/VCTK-Corpus/wav48/p274/p274_202.wav,data/original/VCTK-Corpus/txt/p274/p274_202.txt,The early physical reports were clear.),train_source,True,0.880000,3.220000,2.340000,6,0.00027000,0.00015000,0.02769877
p274_03,p274_253,p274,253,3.247229,data/original/VCTK-Corpus/wav48/p274/p274_253.wav,data/original/VCTK-Corpus/txt/p274/p274_253.txt,Do you think we are a top nation ?),train_source,True,0.740000,2.830000,2.090000,4,0.00030452,0.00016918,0.03375582
p274_04,p274_264,p274,264,3.759146,data/original/VCTK-Corpus/wav48/p274/p274_264.wav,data/original/VCTK-Corpus/txt/p274/p274_264.txt,"Either way, the investor retains the premium.)",train_source,True,0.950000,3.560000,2.610000,4,0.00028822,0.00016012,0.03214269
p274_05,p274_278,p274,278,3.673646,data/original/VCTK-Corpus/wav48/p274/p274_278.wav,data/original/VCTK-Corpus/txt/p274/p274_278.txt,Quality was high in all sections.),train_source,True,1.100000,3.270000,2.170000,3,0.00026959,0.00014977,0.03612441
p274_06,p274_311,p274,311,3.329417,data/original/VCTK-Corpus/wav48/p274/p274_311.wav,data/original/VCTK-Corpus/txt/p274/p274_311.txt,Clydesdale Bank declined to comment.),train_source,True,0.860000,3.190000,2.330000,7,0.00029302,0.00016279,0.04602703
p274_07,p274_363,p274,363,3.755937,data/original/VCTK-Corpus/wav48/p274/p274_363.wav,data/original/VCTK-Corpus/txt/p274/p274_363.txt,The Allies intend to maintain the average.),train_source,True,0.680000,3.660000,2.980000,5,0.00030950,0.00017194,0.03549250
p274_08,p274_425,p274,425,4.398833,data/original/VCTK-Corpus/wav48/p274/p274_425.wav,data/original/VCTK-Corpus/txt/p274/p274_425.txt,The projections are very positive for South Africa.),train_source,True,0.680000,3.870000,3.190000,6,0.00027724,0.00015402,0.05720796
p274_09,p274_464,p274,464,4.224750,data/original/VCTK-Corpus/wav48/p274/p274_464.wav,data/original/VCTK-Corpus/txt/p274/p274_464.txt,Then came the farewell to Europe.),train_source,True,1.240000,3.300000,2.060000,2,0.00028020,0.00015567,0.03828699
p275_01,p275_106,p275,106,3.160146,data/original/VCTK-Corpus/wav48/p275/p275_106.wav,data/original/VCTK-Corpus/txt/p275/p275_106.txt,"While they went on holiday, we got the contract.",train_source,True,0.890000,2.850000,1.960000,6,0.00097718,0.00054288,0.02304287
p275_02,p275_117,p275,117,3.887125,data/original/VCTK-Corpus/wav48/p275/p275_117.wav,data/original/VCTK-Corpus/txt/p275/p275_117.txt,We have to look at everything before we make any final decision.,train_source,True,0.940000,3.470000,2.530000,4,0.00069757,0.00038754,0.02575643
p275_03,p275_156,p275,156,4.054271,data/original/VCTK-Corpus/wav48/p275/p275_156.wav,data/original/VCTK-Corpus/txt/p275/p275_156.txt,But he stressed that the partnership is not a construction company.,train_source,True,1.060000,3.800000,2.740000,9,0.00053231,0.00029573,0.07441275
p275_04,p275_252,p275,252,4.567188,data/original/VCTK-Corpus/wav48/p275/p275_252.wav,data/original/VCTK-Corpus/txt/p275/p275_252.txt,"Certainly, in terms of league position, we must be favourites.",train_source,True,1.100000,4.380000,3.280000,7,0.00189514,0.00105285,0.05780280
p275_05,p275_280,p275,280,3.887354,data/original/VCTK-Corpus/wav48/p275/p275_280.wav,data/original/VCTK-Corpus/txt/p275/p275_280.txt,"This time, for Rangers, it is certainly the latter.",train_source,True,0.840000,3.710000,2.870000,5,0.00054579,0.00030321,0.06899187
p275_06,p275_312,p275,312,3.075833,data/original/VCTK-Corpus/wav48/p275/p275_312.wav,data/original/VCTK-Corpus/txt/p275/p275_312.txt,We have got no money to go anywhere.,train_source,True,1.150000,2.780000,1.630000,4,0.00053675,0.00029820,0.01699380
p275_07,p275_335,p275,335,4.441042,data/original/VCTK-Corpus/wav48/p275/p275_335.wav,data/original/VCTK-Corpus/txt/p275/p275_335.txt,He also insisted that no concession had been made to the French.,train_source,True,1.400000,4.340000,2.940000,6,0.00052408,0.00029115,0.07485747
p275_08,p275_371,p275,371,3.371833,data/original/VCTK-Corpus/wav48/p275/p275_371.wav,data/original/VCTK-Corpus/txt/p275/p275_371.txt,"He's delighted, too, with the new premises.",train_source,True,0.670000,2.860000,2.190000,6,0.00057470,0.00031928,0.04305940
p275_09,p275_384,p275,384,3.417917,data/original/VCTK-Corpus/wav48/p275/p275_384.wav,data/original/VCTK-Corpus/txt/p275/p275_384.txt,"Well, it did last time, he was reminded.",train_source,True,0.850000,3.270000,2.420000,4,0.00052781,0.00029323,0.02558796
p279_01,p279_038,p279,038,3.671083,data/original/VCTK-Corpus/wav48/p279/p279_038.wav,data/original/VCTK-Corpus/txt/p279/p279_038.txt,Clark was desperate to return to the House of Commons.,train_source,True,1.370000,3.600000,2.230000,7,0.00027814,0.00015452,0.03898075
p279_02,p279_052,p279,052,3.414979,data/original/VCTK-Corpus/wav48/p279/p279_052.wav,data/original/VCTK-Corpus/txt/p279/p279_052.txt,We're in the premier division and we intend to stay there.,train_source,True,1.040000,3.220000,2.180000,5,0.00027936,0.00015520,0.04177973
p279_03,p279_199,p279,199,4.438083,data/original/VCTK-Corpus/wav48/p279/p279_199.wav,data/original/VCTK-Corpus/txt/p279/p279_199.txt,There would appear to be no motive for the attack.,train_source,True,2.230000,4.150000,1.920000,4,0.00027316,0.00015176,0.03079581
p279_04,p279_224,p279,224,4.653833,data/original/VCTK-Corpus/wav48/p279/p279_224.wav,data/original/VCTK-Corpus/txt/p279/p279_224.txt,A career as a doctor is on hold.,train_source,True,2.950000,4.510000,1.560000,3,0.00039372,0.00021873,0.05298647
p279_05,p279_272,p279,272,3.798437,data/original/VCTK-Corpus/wav48/p279/p279_272.wav,data/original/VCTK-Corpus/txt/p279/p279_272.txt,That could be in place by next year.,train_source,True,1.790000,3.180000,1.390000,4,0.00039611,0.00022006,0.02993351
p279_06,p279_333,p279,333,3.717333,data/original/VCTK-Corpus/wav48/p279/p279_333.wav,data/original/VCTK-Corpus/txt/p279/p279_333.txt,"It will be very, very tight.",train_source,True,1.630000,3.330000,1.700000,4,0.00029805,0.00016558,0.01442442
p279_07,p279_341,p279,341,3.628375,data/original/VCTK-Corpus/wav48/p279/p279_341.wav,data/original/VCTK-Corpus/txt/p279/p279_341.txt,"Like his acting, it was an accident.",train_source,True,1.690000,3.360000,1.670000,3,0.00037728,0.00020960,0.02644562
p279_08,p279_362,p279,362,4.311292,data/original/VCTK-Corpus/wav48/p279/p279_362.wav,data/original/VCTK-Corpus/txt/p279/p279_362.txt,"So there, we won.",train_source,True,2.790000,4.020000,1.230000,2,0.00035255,0.00019586,0.01556216
p279_09,p279_404,p279,404,6.234667,data/original/VCTK-Corpus/wav48/p279/p279_404.wav,data/original/VCTK-Corpus/txt/p279/p279_404.txt,Quality Meat Scotland was vigorous in its defence of the labelling.,train_source,True,3.150000,5.820000,2.670000,4,0.00039298,0.00021832,0.03521414
p282_01,p282_080,p282,080,4.228833,data/original/VCTK-Corpus/wav48/p282/p282_080.wav,data/original/VCTK-Corpus/txt/p282/p282_080.txt,Mr Irvine said Mr Rafferty was now in good spirits.,train_source,True,1.170000,4.220000,3.050000,5,0.00043951,0.00024417,0.04215556
p282_02,p282_088,p282,088,3.372813,data/original/VCTK-Corpus/wav48/p282/p282_088.wav,data/original/VCTK-Corpus/txt/p282/p282_088.txt,They lived for their children.,train_source,True,1.310000,2.820000,1.510000,3,0.00043267,0.00024037,0.01843049
p282_03,p282_125,p282,125,3.075813,data/original/VCTK-Corpus/wav48/p282/p282_125.wav,data/original/VCTK-Corpus/txt/p282/p282_125.txt,There were no grounds for his action.,train_source,True,1.280000,3.070000,1.790000,3,0.00042098,0.00023388,0.02623475
p282_04,p282_135,p282,135,3.969958,data/original/VCTK-Corpus/wav48/p282/p282_135.wav,data/original/VCTK-Corpus/txt/p282/p282_135.txt,The judges will give a ruling next Wednesday.,train_source,True,1.190000,3.250000,2.060000,3,0.00038214,0.00021230,0.03785901
p282_05,p282_180,p282,180,3.969187,data/original/VCTK-Corpus/wav48/p282/p282_180.wav,data/original/VCTK-Corpus/txt/p282/p282_180.txt,"Within months, he was a part-time tribunal chairman.",train_source,True,0.980000,3.560000,2.580000,5,0.00042134,0.00023408,0.04597220
p282_06,p282_205,p282,205,3.161333,data/original/VCTK-Corpus/wav48/p282/p282_205.wav,data/original/VCTK-Corpus/txt/p282/p282_205.txt,We have an election in eight days.,train_source,True,1.230000,3.090000,1.860000,3,0.00038392,0.00021329,0.02969573
p282_07,p282_245,p282,245,4.395479,data/original/VCTK-Corpus/wav48/p282/p282_245.wav,data/original/VCTK-Corpus/txt/p282/p282_245.txt,"Now, suddenly, we have this new landscape.",train_source,True,1.430000,3.990000,2.560000,5,0.00040478,0.00022488,0.02864976
p282_08,p282_310,p282,310,3.759604,data/original/VCTK-Corpus/wav48/p282/p282_310.wav,data/original/VCTK-Corpus/txt/p282/p282_310.txt,We have got to get the points from this one.,train_source,True,1.170000,2.850000,1.680000,5,0.00040210,0.00022339,0.04142146
p282_09,p282_322,p282,322,4.740729,data/original/VCTK-Corpus/wav48/p282/p282_322.wav,data/original/VCTK-Corpus/txt/p282/p282_322.txt,"The figures are bad, but not that bad.",train_source,True,1.520000,3.860000,2.340000,7,0.00037511,0.00020839,0.02998018
p287_01,p287_018,p287,018,6.232417,data/original/VCTK-Corpus/wav48/p287/p287_018.wav,data/original/VCTK-Corpus/txt/p287/p287_018.txt,Aristotle thought that the rainbow was caused by reflection of the sun's rays by the rain.,train_source,True,0.770000,5.730000,4.960000,8,0.00053931,0.00029962,0.07755980
p287_02,p287_019,p287,019,7.426542,data/original/VCTK-Corpus/wav48/p287/p287_019.wav,data/original/VCTK-Corpus/txt/p287/p287_019.txt,"Since then physicists have found that it is not reflection, but refraction by the raindrops which causes the rainbows.",train_source,True,0.940000,7.190000,6.250000,12,0.00082031,0.00045573,0.06357036
p287_03,p287_159,p287,159,3.031875,data/original/VCTK-Corpus/wav48/p287/p287_159.wav,data/original/VCTK-Corpus/txt/p287/p287_159.txt,The Hibs manager is no fool.,train_source,True,1.310000,2.790000,1.480000,2,0.00055213,0.00030674,0.02400101
p287_04,p287_178,p287,178,3.631500,data/original/VCTK-Corpus/wav48/p287/p287_178.wav,data/original/VCTK-Corpus/txt/p287/p287_178.txt,Being investor ready is a good start.,train_source,True,0.930000,3.560000,2.630000,7,0.00055735,0.00030964,0.05042196
p287_05,p287_179,p287,179,4.439604,data/original/VCTK-Corpus/wav48/p287/p287_179.wav,data/original/VCTK-Corpus/txt/p287/p287_179.txt,They all made the European Ryder Cup team.,train_source,True,1.930000,4.100000,2.170000,4,0.00052716,0.00029287,0.01717174
p287_06,p287_231,p287,231,3.072333,data/original/VCTK-Corpus/wav48/p287/p287_231.wav,data/original/VCTK-Corpus/txt/p287/p287_231.txt,We were a load of rubbish.,train_source,True,1.420000,2.980000,1.560000,1,0.00056085,0.00031158,0.01781299
p287_07,p287_324,p287,324,4.994396,data/original/VCTK-Corpus/wav48/p287/p287_324.wav,data/original/VCTK-Corpus/txt/p287/p287_324.txt,Leading share prices have also fallen in Paris and Frankfurt.,train_source,True,1.430000,4.740000,3.310000,6,0.00054144,0.00030080,0.04956681
p287_08,p287_406,p287,406,4.096667,data/original/VCTK-Corpus/wav48/p287/p287_406.wav,data/original/VCTK-Corpus/txt/p287/p287_406.txt,"I tried to be cautious, but it's hard in that role.",train_source,True,1.390000,3.860000,2.470000,4,0.00058011,0.00032228,0.02871477
p287_09,p287_417,p287,417,3.371292,data/original/VCTK-Corpus/wav48/p287/p287_417.wav,data/original/VCTK-Corpus/txt/p287/p287_417.txt,"There is a solution, she believes.",train_source,True,1.030000,3.030000,2.000000,3,0.00054524,0.00030291,0.04713070
p288_01,p288_155,p288,155,5.208354,data/original/VCTK-Corpus/wav48/p288/p288_155.wav,data/original/VCTK-Corpus/txt/p288/p288_155.txt,Local managers are already involved in talks with potential investors.,train_source,True,1.160000,4.950000,3.790000,7,0.00028381,0.00015767,0.02811378
p288_02,p288_244,p288,244,3.713646,data/original/VCTK-Corpus/wav48/p288/p288_244.wav,data/original/VCTK-Corpus/txt/p288/p288_244.txt,Jock Brown is appointed as general manager.,train_source,True,1.170000,3.560000,2.390000,5,0.00029213,0.00016229,0.03941368
p288_03,p288_284,p288,284,3.627271,data/original/VCTK-Corpus/wav48/p288/p288_284.wav,data/original/VCTK-Corpus/txt/p288/p288_284.txt,It's like a high school play.,train_source,True,1.720000,2.960000,1.240000,4,0.00029550,0.00016417,0.03695158
p288_04,p288_305,p288,305,4.186125,data/original/VCTK-Corpus/wav48/p288/p288_305.wav,data/original/VCTK-Corpus/txt/p288/p288_305.txt,"In performance, that quality can prove to be a challenge.",train_source,True,1.230000,4.010000,2.780000,7,0.00027415,0.00015231,0.04835029
p288_05,p288_349,p288,349,3.031979,data/original/VCTK-Corpus/wav48/p288/p288_349.wav,data/original/VCTK-Corpus/txt/p288/p288_349.txt,You need a licence to run a pub.,train_source,True,0.570000,2.690000,2.120000,5,0.00028994,0.00016108,0.04661875
p288_06,p288_356,p288,356,5.252354,data/original/VCTK-Corpus/wav48/p288/p288_356.wav,data/original/VCTK-Corpus/txt/p288/p288_356.txt,"In addition, it was in breach of natural justice.",train_source,True,1.890000,4.920000,3.030000,7,0.00028030,0.00015572,0.03032317
p288_07,p288_374,p288,374,3.970146,data/original/VCTK-Corpus/wav48/p288/p288_374.wav,data/original/VCTK-Corpus/txt/p288/p288_374.txt,It also highlighted some local hero districts.,train_source,True,1.260000,3.840000,2.580000,5,0.00028231,0.00015684,0.02762364
p288_08,p288_383,p288,383,4.439958,data/original/VCTK-Corpus/wav48/p288/p288_383.wav,data/original/VCTK-Corpus/txt/p288/p288_383.txt,"It is an interesting title, Believing in Britain.",train_source,True,1.290000,4.040000,2.750000,5,0.00027442,0.00015246,0.02535800
p288_09,p288_398,p288,398,3.075833,data/original/VCTK-Corpus/wav48/p288/p288_398.wav,data/original/VCTK-Corpus/txt/p288/p288_398.txt,His remarks appear to have had an effect.,train_source,True,0.870000,2.590000,1.720000,3,0.00030183,0.00016768,0.02701848
p293_01,p293_050,p293,050,4.739583,data/original/VCTK-Corpus/wav48/p293/p293_050.wav,data/original/VCTK-Corpus/txt/p293/p293_050.txt,"In the meantime, the fans would settle for a derby win.",train_source,True,1.160000,3.770000,2.610000,6,0.00075030,0.00041683,0.02018946
p293_02,p293_059,p293,059,6.573229,data/original/VCTK-Corpus/wav48/p293/p293_059.wav,data/original/VCTK-Corpus/txt/p293/p293_059.txt,"In fact, he was talking about the survival business.",train_source,True,1.130000,3.630000,2.500000,5,0.00051357,0.00028532,0.02247660
p293_03,p293_107,p293,107,4.057854,data/original/VCTK-Corpus/wav48/p293/p293_107.wav,data/original/VCTK-Corpus/txt/p293/p293_107.txt,They will now have to justify their position.,train_source,True,1.400000,3.350000,1.950000,4,0.00058871,0.00032706,0.01975251
p293_04,p293_123,p293,123,3.461125,data/original/VCTK-Corpus/wav48/p293/p293_123.wav,data/original/VCTK-Corpus/txt/p293/p293_123.txt,Eriksson would have approved.,train_source,True,1.110000,2.450000,1.340000,4,0.00058821,0.00032678,0.01896830
p293_05,p293_211,p293,211,3.714021,data/original/VCTK-Corpus/wav48/p293/p293_211.wav,data/original/VCTK-Corpus/txt/p293/p293_211.txt,"Pitt, of course, would play the lead singer.",train_source,True,0.970000,2.940000,1.970000,5,0.00059352,0.00032973,0.02940336
p293_06,p293_225,p293,225,4.058542,data/original/VCTK-Corpus/wav48/p293/p293_225.wav,data/original/VCTK-Corpus/txt/p293/p293_225.txt,Bill Clinton always had an idea to sell.,train_source,True,1.050000,3.180000,2.130000,4,0.00053276,0.00029598,0.01442888
p293_07,p293_296,p293,296,4.611896,data/original/VCTK-Corpus/wav48/p293/p293_296.wav,data/original/VCTK-Corpus/txt/p293/p293_296.txt,I'm sure that clubs will all be delighted.,train_source,True,1.030000,3.290000,2.260000,6,0.00052285,0.00029047,0.01564728
p293_08,p293_315,p293,315,4.396104,data/original/VCTK-Corpus/wav48/p293/p293_315.wav,data/original/VCTK-Corpus/txt/p293/p293_315.txt,We will build upon the basic state pension.,train_source,True,1.160000,3.290000,2.130000,8,0.00054149,0.00030083,0.02248192
p294_01,p294_034,p294,034,3.158271,data/original/VCTK-Corpus/wav48/p294/p294_034.wav,data/original/VCTK-Corpus/txt/p294/p294_034.txt,Other people had looked at it.,train_source,True,1.100000,2.250000,1.150000,4,0.00055366,0.00030759,0.03409171
p294_02,p294_078,p294,078,4.740167,data/original/VCTK-Corpus/wav48/p294/p294_078.wav,data/original/VCTK-Corpus/txt/p294/p294_078.txt,"Subs not used, McGraw.",train_source,True,1.950000,3.200000,1.250000,2,0.00055156,0.00030642,0.10330761
p294_03,p294_083,p294,083,3.161854,data/original/VCTK-Corpus/wav48/p294/p294_083.wav,data/original/VCTK-Corpus/txt/p294/p294_083.txt,That was enough for the committee.,train_source,True,1.040000,2.200000,1.160000,2,0.00054361,0.00030201,0.05141773
p294_04,p294_115,p294,115,3.458875,data/original/VCTK-Corpus/wav48/p294/p294_115.wav,data/original/VCTK-Corpus/txt/p294/p294_115.txt,Who will deliver more service to Scotland?,train_source,True,1.120000,2.920000,1.800000,1,0.00059314,0.00032952,0.07042065
p294_05,p294_255,p294,255,3.542542,data/original/VCTK-Corpus/wav48/p294/p294_255.wav,data/original/VCTK-Corpus/txt/p294/p294_255.txt,There are still some matters to be discussed.,train_source,True,1.070000,2.920000,1.850000,6,0.00054777,0.00030432,0.10587898
p294_06,p294_275,p294,275,3.246729,data/original/VCTK-Corpus/wav48/p294/p294_275.wav,data/original/VCTK-Corpus/txt/p294/p294_275.txt,We've been here before.,train_source,True,1.120000,2.160000,1.040000,3,0.00059877,0.00033265,0.02247310
p294_07,p294_313,p294,313,3.159979,data/original/VCTK-Corpus/wav48/p294/p294_313.wav,data/original/VCTK-Corpus/txt/p294/p294_313.txt,We work for the athlete.,train_source,True,1.170000,2.140000,0.970000,2,0.00053295,0.00029609,0.02993186
p294_08,p294_318,p294,318,3.290167,data/original/VCTK-Corpus/wav48/p294/p294_318.wav,data/original/VCTK-Corpus/txt/p294/p294_318.txt,Now they have found out the truth.,train_source,True,1.140000,2.740000,1.600000,2,0.00053523,0.00029735,0.04001126
p294_09,p294_414,p294,414,3.075771,data/original/VCTK-Corpus/wav48/p294/p294_414.wav,data/original/VCTK-Corpus/txt/p294/p294_414.txt,Would it really be good to shorten it?,train_source,True,1.040000,2.410000,1.370000,3,0.00053489,0.00029716,0.05010466
p295_01,p295_016,p295,016,7.298438,data/original/VCTK-Corpus/wav48/p295/p295_016.wav,data/original/VCTK-Corpus/txt/p295/p295_016.txt,The Norsemen considered the rainbow as a bridge over which the gods passed from the earth to their home in the sky.,train_source,True,1.200000,6.270000,5.070000,7,0.00058903,0.00032724,0.03153405
p295_02,p295_032,p295,032,3.244417,data/original/VCTK-Corpus/wav48/p295/p295_032.wav,data/original/VCTK-Corpus/txt/p295/p295_032.txt,"Thankfully, that doesn't happen that often.",train_source,True,0.790000,2.430000,1.640000,3,0.00052678,0.00029265,0.04370671
p295_03,p295_064,p295,064,4.012688,data/original/VCTK-Corpus/wav48/p295/p295_064.wav,data/original/VCTK-Corpus/txt/p295/p295_064.txt,"It is, after all, a very funny play.",train_source,True,0.840000,2.970000,2.130000,2,0.00058140,0.00032300,0.02424723
p295_04,p295_167,p295,167,4.442146,data/original/VCTK-Corpus/wav48/p295/p295_167.wav,data/original/VCTK-Corpus/txt/p295/p295_167.txt,These awards will deliver improvements on the ground.,train_source,True,1.130000,3.410000,2.280000,2,0.00055768,0.00030982,0.02942217
p295_05,p295_210,p295,210,3.843667,data/original/VCTK-Corpus/wav48/p295/p295_210.wav,data/original/VCTK-Corpus/txt/p295/p295_210.txt,And what is she escaping from?,train_source,True,0.720000,2.510000,1.790000,6,0.00075167,0.00041760,0.04067011
p295_06,p295_226,p295,226,4.438917,data/original/VCTK-Corpus/wav48/p295/p295_226.wav,data/original/VCTK-Corpus/txt/p295/p295_226.txt,It left me with a sadness.,train_source,True,0.960000,2.300000,1.340000,4,0.00055510,0.00030839,0.05359705
p295_07,p295_233,p295,233,3.542854,data/original/VCTK-Corpus/wav48/p295/p295_233.wav,data/original/VCTK-Corpus/txt/p295/p295_233.txt,Her body was found on Monday morning.,train_source,True,0.650000,2.120000,1.470000,1,0.00054565,0.00030314,0.02873884
p295_08,p295_281,p295,281,6.445062,data/original/VCTK-Corpus/wav48/p295/p295_281.wav,data/original/VCTK-Corpus/txt/p295/p295_281.txt,Surely it can't get any worse.,train_source,True,0.820000,2.300000,1.480000,2,0.00052604,0.00029224,0.02340929
p295_09,p295_346,p295,346,3.500458,data/original/VCTK-Corpus/wav48/p295/p295_346.wav,data/original/VCTK-Corpus/txt/p295/p295_346.txt,Tyson said he had made a mistake.,train_source,True,0.850000,2.110000,1.260000,1,0.00054744,0.00030413,0.05031290
p299_01,p299_047,p299,047,3.630750,data/original/VCTK-Corpus/wav48/p299/p299_047.wav,data/original/VCTK-Corpus/txt/p299/p299_047.txt,"You see, it wasn't a tournament of equals.",train_source,True,0.890000,2.890000,2.000000,5,0.00057032,0.00031684,0.11363353
p299_02,p299_086,p299,086,3.116750,data/original/VCTK-Corpus/wav48/p299/p299_086.wav,data/original/VCTK-Corpus/txt/p299/p299_086.txt,Debate was impassioned and furious.,train_source,True,0.930000,2.570000,1.640000,3,0.00053964,0.00029980,0.09812187
p299_03,p299_091,p299,091,3.200875,data/original/VCTK-Corpus/wav48/p299/p299_091.wav,data/original/VCTK-Corpus/txt/p299/p299_091.txt,There is a growing anger among the group.,train_source,True,0.780000,2.360000,1.580000,4,0.00053842,0.00029912,0.09124179
p299_04,p299_225,p299,225,3.203833,data/original/VCTK-Corpus/wav48/p299/p299_225.wav,data/original/VCTK-Corpus/txt/p299/p299_225.txt,Our biggest threat is the BBC.,train_source,True,1.030000,2.680000,1.650000,4,0.00054506,0.00030281,0.09085609
p299_05,p299_244,p299,244,4.824917,data/original/VCTK-Corpus/wav48/p299/p299_244.wav,data/original/VCTK-Corpus/txt/p299/p299_244.txt,"From a marketing standpoint, you can understand their concern.",train_source,True,1.210000,4.130000,2.920000,6,0.00051734,0.00028741,0.10190617
p299_06,p299_269,p299,269,3.204875,data/original/VCTK-Corpus/wav48/p299/p299_269.wav,data/original/VCTK-Corpus/txt/p299/p299_269.txt,I hope my successor will do the same.,train_source,True,0.920000,2.650000,1.730000,4,0.00052969,0.00029427,0.13826459
p299_07,p299_314,p299,314,3.587729,data/original/VCTK-Corpus/wav48/p299/p299_314.wav,data/original/VCTK-Corpus/txt/p299/p299_314.txt,She was just that sort of person.,train_source,True,0.960000,2.590000,1.630000,2,0.00052931,0.00029406,0.12484980
p299_08,p299_343,p299,343,3.627333,data/original/VCTK-Corpus/wav48/p299/p299_343.wav,data/original/VCTK-Corpus/txt/p299/p299_343.txt,The criminal justice system does not do that.,train_source,True,1.070000,2.950000,1.880000,3,0.00052639,0.00029244,0.06997990
p299_09,p299_386,p299,386,3.031042,data/original/VCTK-Corpus/wav48/p299/p299_386.wav,data/original/VCTK-Corpus/txt/p299/p299_386.txt,It was meant to rival the dollar.,train_source,True,1.000000,2.550000,1.550000,3,0.00053696,0.00029831,0.04962813
p302_01,p302_048,p302,048,4.907042,data/original/VCTK-Corpus/wav48/p302/p302_048.wav,data/original/VCTK-Corpus/txt/p302/p302_048.txt,What's it got to do with art?,train_source,True,2.250000,3.950000,1.700000,4,0.00050231,0.00027906,0.03512002
p302_02,p302_081,p302,081,4.098854,data/original/VCTK-Corpus/wav48/p302/p302_081.wav,data/original/VCTK-Corpus/txt/p302/p302_081.txt,A spokesman for Lothian and Borders Police said.,train_source,True,1.400000,3.290000,1.890000,4,0.00053593,0.00029774,0.04447920
p302_03,p302_118,p302,118,3.248000,data/original/VCTK-Corpus/wav48/p302/p302_118.wav,data/original/VCTK-Corpus/txt/p302/p302_118.txt,Stalkers are capable of killing.,train_source,True,1.070000,2.480000,1.410000,4,0.00055064,0.00030591,0.02109800
p302_04,p302_134,p302,134,3.886208,data/original/VCTK-Corpus/wav48/p302/p302_134.wav,data/original/VCTK-Corpus/txt/p302/p302_134.txt,It has been in place since last July.,train_source,True,1.750000,3.210000,1.460000,3,0.00051987,0.00028882,0.02566081
p302_05,p302_136,p302,136,3.756083,data/original/VCTK-Corpus/wav48/p302/p302_136.wav,data/original/VCTK-Corpus/txt/p302/p302_136.txt,Do you think they would be any better?,train_source,True,1.850000,2.920000,1.070000,3,0.00053939,0.00029966,0.02196288
p302_06,p302_155,p302,155,3.498896,data/original/VCTK-Corpus/wav48/p302/p302_155.wav,data/original/VCTK-Corpus/txt/p302/p302_155.txt,We did not want an absentee landlord.,train_source,True,1.240000,2.920000,1.680000,2,0.00051299,0.00028499,0.02811949
p302_07,p302_188,p302,188,3.502083,data/original/VCTK-Corpus/wav48/p302/p302_188.wav,data/original/VCTK-Corpus/txt/p302/p302_188.txt,I'm really proud of my young players.,train_source,True,1.050000,2.350000,1.300000,3,0.00058405,0.00032447,0.01648218
p302_08,p302_245,p302,245,5.380583,data/original/VCTK-Corpus/wav48/p302/p302_245.wav,data/original/VCTK-Corpus/txt/p302/p302_245.txt,Mr Miller is married with three children.,train_source,True,1.750000,3.460000,1.710000,3,0.00051946,0.00028859,0.02996759
p302_09,p302_251,p302,251,4.314458,data/original/VCTK-Corpus/wav48/p302/p302_251.wav,data/original/VCTK-Corpus/txt/p302/p302_251.txt,We are not out of touch with politics.,train_source,True,1.680000,3.230000,1.550000,7,0.00052026,0.00028903,0.01649279
p303_01,p303_015,p303,015,7.897021,data/original/VCTK-Corpus/wav48/p303/p303_015.wav,data/original/VCTK-Corpus/txt/p303/p303_015.txt,The Greeks used it to imagine that it was a sign from the gods to foretell war or heavy rain.,train_source,True,1.550000,6.910000,5.360000,8,0.00051388,0.00028549,0.07439757
p303_02,p303_146,p303,146,5.930896,data/original/VCTK-Corpus/wav48/p303/p303_146.wav,data/original/VCTK-Corpus/txt/p303/p303_146.txt,"What was going through her mind that day, that night?",train_source,True,1.360000,4.930000,3.570000,7,0.00052251,0.00029028,0.04732158
p303_03,p303_184,p303,184,6.144292,data/original/VCTK-Corpus/wav48/p303/p303_184.wav,data/original/VCTK-Corpus/txt/p303/p303_184.txt,"Lifeboat is at the Tron Theatre, Glasgow, tonight.",train_source,True,1.860000,5.200000,3.340000,7,0.00050733,0.00028185,0.04549079
p303_04,p303_200,p303,200,5.038812,data/original/VCTK-Corpus/wav48/p303/p303_200.wav,data/original/VCTK-Corpus/txt/p303/p303_200.txt,"But, because of the wood, no-one had the experience.",train_source,True,1.210000,4.250000,3.040000,9,0.00051126,0.00028403,0.04018115
p303_05,p303_203,p303,203,4.139271,data/original/VCTK-Corpus/wav48/p303/p303_203.wav,data/original/VCTK-Corpus/txt/p303/p303_203.txt,You can be sure we will have problems.,train_source,True,1.560000,3.610000,2.050000,3,0.00051855,0.00028808,0.03299455
p303_06,p303_236,p303,236,3.160333,data/original/VCTK-Corpus/wav48/p303/p303_236.wav,data/original/VCTK-Corpus/txt/p303/p303_236.txt,We're still talking with a few people.,train_source,True,1.110000,2.720000,1.610000,4,0.00052864,0.00029369,0.04756441
p303_07,p303_275,p303,275,4.226438,data/original/VCTK-Corpus/wav48/p303/p303_275.wav,data/original/VCTK-Corpus/txt/p303/p303_275.txt,There are lots of these women in Finland.,train_source,True,0.170000,3.960000,3.790000,6,0.00058130,0.00032295,0.07555020
p303_08,p303_281,p303,281,5.166083,data/original/VCTK-Corpus/wav48/p303/p303_281.wav,data/original/VCTK-Corpus/txt/p303/p303_281.txt,What is the Working Families Tax Credit?,train_source,True,2.020000,3.990000,1.970000,2,0.00050147,0.00027860,0.05749373
p303_09,p303_311,p303,311,5.465729,data/original/VCTK-Corpus/wav48/p303/p303_311.wav,data/original/VCTK-Corpus/txt/p303/p303_311.txt,That was moving the goalposts.,train_source,True,1.620000,3.320000,1.700000,4,0.00051612,0.00028673,0.04257407
p304_01,p304_098,p304,098,3.119542,data/original/VCTK-Corpus/wav48/p304/p304_098.wav,data/original/VCTK-Corpus/txt/p304/p304_098.txt,We shouldn't have a rush to judgment.,train_source,True,0.960000,2.340000,1.380000,3,0.00071798,0.00039888,0.03221048
p304_02,p304_119,p304,119,3.030042,data/original/VCTK-Corpus/wav48/p304/p304_119.wav,data/original/VCTK-Corpus/txt/p304/p304_119.txt,It's totally double standards.,train_source,True,1.040000,2.460000,1.420000,4,0.00052972,0.00029429,0.01648964
p304_03,p304_140,p304,140,3.374375,data/original/VCTK-Corpus/wav48/p304/p304_140.wav,data/original/VCTK-Corpus/txt/p304/p304_140.txt,And yet his legacy is doubtful.,train_source,True,0.980000,2.470000,1.490000,4,0.00052060,0.00028922,0.06078883
p304_04,p304_165,p304,165,4.442417,data/original/VCTK-Corpus/wav48/p304/p304_165.wav,data/original/VCTK-Corpus/txt/p304/p304_165.txt,I really couldn't believe it had actually happened.,train_source,True,0.870000,2.710000,1.840000,3,0.00051023,0.00028346,0.03026430
p304_05,p304_211,p304,211,3.500667,data/original/VCTK-Corpus/wav48/p304/p304_211.wav,data/original/VCTK-Corpus/txt/p304/p304_211.txt,I sincerely hope that will not change.,train_source,True,0.800000,2.690000,1.890000,5,0.00051505,0.00028614,0.04448750
p304_06,p304_305,p304,305,3.074833,data/original/VCTK-Corpus/wav48/p304/p304_305.wav,data/original/VCTK-Corpus/txt/p304/p304_305.txt,I can't say that this is very usual.,train_source,True,0.930000,2.530000,1.600000,2,0.00050596,0.00028109,0.04272812
p304_07,p304_366,p304,366,3.375313,data/original/VCTK-Corpus/wav48/p304/p304_366.wav,data/original/VCTK-Corpus/txt/p304/p304_366.txt,We talk about effective military action.,train_source,True,1.240000,2.970000,1.730000,4,0.00051101,0.00028390,0.02569883
p304_08,p304_375,p304,375,4.185062,data/original/VCTK-Corpus/wav48/p304/p304_375.wav,data/original/VCTK-Corpus/txt/p304/p304_375.txt,Only the details have to be sorted out.,train_source,True,0.930000,2.690000,1.760000,3,0.00051726,0.00028737,0.02433954
p307_01,p307_043,p307,043,4.951042,data/original/VCTK-Corpus/wav48/p307/p307_043.wav,data/original/VCTK-Corpus/txt/p307/p307_043.txt,Parts of the system are already overstretched.,train_source,True,1.450000,3.570000,2.120000,4,0.00051571,0.00028650,0.04975762
p307_02,p307_056,p307,056,5.164250,data/original/VCTK-Corpus/wav48/p307/p307_056.wav,data/original/VCTK-Corpus/txt/p307/p307_056.txt,"No, it wasn't supposed to do that, officials admitted.",train_source,True,1.290000,3.900000,2.610000,7,0.00051163,0.00028424,0.03832463
p307_03,p307_106,p307,106,4.778896,data/original/VCTK-Corpus/wav48/p307/p307_106.wav,data/original/VCTK-Corpus/txt/p307/p307_106.txt,I think my game is suited to grass.,train_source,True,1.040000,3.430000,2.390000,6,0.00051458,0.00028588,0.05424294
p307_04,p307_114,p307,114,3.883875,data/original/VCTK-Corpus/wav48/p307/p307_114.wav,data/original/VCTK-Corpus/txt/p307/p307_114.txt,He took away my childhood.,train_source,True,1.480000,2.890000,1.410000,2,0.00052695,0.00029275,0.03051607
p307_05,p307_178,p307,178,4.738417,data/original/VCTK-Corpus/wav48/p307/p307_178.wav,data/original/VCTK-Corpus/txt/p307/p307_178.txt,The big issue for us is the review.,train_source,True,1.240000,3.510000,2.270000,4,0.00051395,0.00028553,0.05176453
p307_06,p307_275,p307,275,4.186667,data/original/VCTK-Corpus/wav48/p307/p307_275.wav,data/original/VCTK-Corpus/txt/p307/p307_275.txt,I'd say we should give it a week.,train_source,True,1.400000,3.320000,1.920000,4,0.00051989,0.00028883,0.05344280
p307_07,p307_307,p307,307,5.589979,data/original/VCTK-Corpus/wav48/p307/p307_307.wav,data/original/VCTK-Corpus/txt/p307/p307_307.txt,Another casualty yesterday was John Prescott.,train_source,True,1.790000,4.600000,2.810000,4,0.00051430,0.00028572,0.03945156
p307_08,p307_368,p307,368,5.461833,data/original/VCTK-Corpus/wav48/p307/p307_368.wav,data/original/VCTK-Corpus/txt/p307/p307_368.txt,"If they have City backing, what is the influence?",train_source,True,1.460000,4.420000,2.960000,6,0.00049322,0.00027401,0.04462226
p307_09,p307_373,p307,373,4.398667,data/original/VCTK-Corpus/wav48/p307/p307_373.wav,data/original/VCTK-Corpus/txt/p307/p307_373.txt,And the reason isn't too hard to fathom.,train_source,True,1.280000,4.390000,3.110000,6,0.00052696,0.00029276,0.03323885
p308_01,p308_044,p308,044,3.288792,data/original/VCTK-Corpus/wav48/p308/p308_044.wav,data/original/VCTK-Corpus/txt/p308/p308_044.txt,"Subs not used, McCulloch.",train_source,True,0.970000,3.280000,2.310000,4,0.00052780,0.00029322,0.01888560
p308_02,p308_051,p308,051,3.331625,data/original/VCTK-Corpus/wav48/p308/p308_051.wav,data/original/VCTK-Corpus/txt/p308/p308_051.txt,There was nobody on the roof.,train_source,True,0.970000,2.270000,1.300000,3,0.00053963,0.00029979,0.01905483
p308_03,p308_083,p308,083,4.566854,data/original/VCTK-Corpus/wav48/p308/p308_083.wav,data/original/VCTK-Corpus/txt/p308/p308_083.txt,They won the trophy in the Hoops.,train_source,True,0.880000,2.320000,1.440000,4,0.00054378,0.00030210,0.00896331
p308_04,p308_196,p308,196,5.166917,data/original/VCTK-Corpus/wav48/p308/p308_196.wav,data/original/VCTK-Corpus/txt/p308/p308_196.txt,"To which the only answer is, don't hold your breath.",train_source,True,1.040000,3.250000,2.210000,9,0.00051876,0.00028820,0.01531106
p308_05,p308_243,p308,243,3.333333,data/original/VCTK-Corpus/wav48/p308/p308_243.wav,data/original/VCTK-Corpus/txt/p308/p308_243.txt,"I had a choice, and didn't have to do that.",train_source,True,0.790000,2.590000,1.800000,5,0.00052093,0.00028941,0.01591107
p308_06,p308_273,p308,273,3.333333,data/original/VCTK-Corpus/wav48/p308/p308_273.wav,data/original/VCTK-Corpus/txt/p308/p308_273.txt,And that's good news for the magpies.,train_source,True,0.770000,2.470000,1.700000,6,0.00053165,0.00029536,0.01856460
p308_07,p308_334,p308,334,4.482667,data/original/VCTK-Corpus/wav48/p308/p308_334.wav,data/original/VCTK-Corpus/txt/p308/p308_334.txt,Its national defence policy is defensive in nature.,train_source,True,1.020000,3.560000,2.540000,6,0.00051900,0.00028834,0.02109709
p308_08,p308_372,p308,372,3.160604,data/original/VCTK-Corpus/wav48/p308/p308_372.wav,data/original/VCTK-Corpus/txt/p308/p308_372.txt,"This, too, could prove a risky business.",train_source,True,0.740000,2.590000,1.850000,5,0.00052436,0.00029131,0.01872991
p308_09,p308_405,p308,405,4.271479,data/original/VCTK-Corpus/wav48/p308/p308_405.wav,data/original/VCTK-Corpus/txt/p308/p308_405.txt,She didn't tell me anything the night before.,train_source,True,0.650000,2.340000,1.690000,4,0.00051084,0.00028380,0.01428367
p311_01,p311_053,p311,053,3.158979,data/original/VCTK-Corpus/wav48/p311/p311_053.wav,data/original/VCTK-Corpus/txt/p311/p311_053.txt,We will miss him very much.,train_source,True,0.800000,2.090000,1.290000,2,0.00053753,0.00029863,0.04903892
p311_02,p311_138,p311,138,3.075021,data/original/VCTK-Corpus/wav48/p311/p311_138.wav,data/original/VCTK-Corpus/txt/p311/p311_138.txt,We are still the best team in Britain.,train_source,True,0.970000,2.440000,1.470000,4,0.00054340,0.00030189,0.05087415
p311_03,p311_169,p311,169,3.077104,data/original/VCTK-Corpus/wav48/p311/p311_169.wav,data/original/VCTK-Corpus/txt/p311/p311_169.txt,"O, Is there a lot of blood?",train_source,True,1.190000,2.460000,1.270000,3,0.00054777,0.00030432,0.04980190
p311_04,p311_185,p311,185,3.076354,data/original/VCTK-Corpus/wav48/p311/p311_185.wav,data/original/VCTK-Corpus/txt/p311/p311_185.txt,It feels that the game is off.,train_source,True,1.000000,2.800000,1.800000,4,0.00054489,0.00030272,0.05675526
p311_05,p311_213,p311,213,4.140187,data/original/VCTK-Corpus/wav48/p311/p311_213.wav,data/original/VCTK-Corpus/txt/p311/p311_213.txt,It had to be more flexible.,train_source,True,0.910000,4.140000,3.230000,3,0.00052904,0.00029391,0.03973355
p311_06,p311_223,p311,223,3.120000,data/original/VCTK-Corpus/wav48/p311/p311_223.wav,data/original/VCTK-Corpus/txt/p311/p311_223.txt,"I think he's the favourite, no question.",train_source,True,0.830000,2.570000,1.740000,3,0.00072378,0.00040210,0.05528128
p311_07,p311_298,p311,298,4.184021,data/original/VCTK-Corpus/wav48/p311/p311_298.wav,data/original/VCTK-Corpus/txt/p311/p311_298.txt,"We were in different places, usually in cellars.",train_source,True,1.030000,3.240000,2.210000,3,0.00055146,0.00030637,0.03386069
p311_08,p311_355,p311,355,3.158625,data/original/VCTK-Corpus/wav48/p311/p311_355.wav,data/original/VCTK-Corpus/txt/p311/p311_355.txt,We think a lot of Allan McGregor.,train_source,True,1.210000,2.680000,1.470000,2,0.00052664,0.00029258,0.03868098
p312_01,p312_042,p312,042,4.098792,data/original/VCTK-Corpus/wav48/p312/p312_042.wav,data/original/VCTK-Corpus/txt/p312/p312_042.txt,I think so - he seems to be in good health.,train_source,True,0.720000,2.750000,2.030000,1,0.00049266,0.00027370,0.03501209
p312_02,p312_050,p312,050,3.716750,data/original/VCTK-Corpus/wav48/p312/p312_050.wav,data/original/VCTK-Corpus/txt/p312/p312_050.txt,"Hopefully, it will be built by next year.",train_source,True,0.740000,2.860000,2.120000,3,0.00058670,0.00032594,0.04089273
p312_03,p312_147,p312,147,3.160875,data/original/VCTK-Corpus/wav48/p312/p312_147.wav,data/original/VCTK-Corpus/txt/p312/p312_147.txt,I've never regretted coming here.,train_source,True,0.840000,2.400000,1.560000,3,0.00054166,0.00030092,0.03063163
p312_04,p312_267,p312,267,3.546063,data/original/VCTK-Corpus/wav48/p312/p312_267.wav,data/original/VCTK-Corpus/txt/p312/p312_267.txt,The scheme has been funded by the Government.,train_source,True,0.850000,2.830000,1.980000,4,0.00051431,0.00028573,0.02409317
p312_05,p312_337,p312,337,3.287208,data/original/VCTK-Corpus/wav48/p312/p312_337.wav,data/original/VCTK-Corpus/txt/p312/p312_337.txt,But he did not rule out further talks.,train_source,True,0.810000,2.680000,1.870000,4,0.00056609,0.00031449,0.02997156
p312_06,p312_373,p312,373,3.289250,data/original/VCTK-Corpus/wav48/p312/p312_373.wav,data/original/VCTK-Corpus/txt/p312/p312_373.txt,He said he needed no more evidence.,train_source,True,1.100000,2.920000,1.820000,2,0.00053694,0.00029830,0.03252984
p312_07,p312_395,p312,395,5.892646,data/original/VCTK-Corpus/wav48/p312/p312_395.wav,data/original/VCTK-Corpus/txt/p312/p312_395.txt,This isn't something the Labour Government has invented.,train_source,True,2.860000,5.380000,2.520000,5,0.00051535,0.00028631,0.02828254
p312_08,p312_414,p312,414,3.457542,data/original/VCTK-Corpus/wav48/p312/p312_414.wav,data/original/VCTK-Corpus/txt/p312/p312_414.txt,The proposals have been taken out of context.,train_source,True,0.840000,2.990000,2.150000,7,0.00050882,0.00028268,0.01784808
p312_09,p312_417,p312,417,5.464917,data/original/VCTK-Corpus/wav48/p312/p312_417.wav,data/original/VCTK-Corpus/txt/p312/p312_417.txt,"I have to say, for me, the game was not.",train_source,True,2.900000,4.740000,1.840000,3,0.00061236,0.00034020,0.04581896
p313_01,p313_049,p313,049,6.531937,data/original/VCTK-Corpus/wav48/p313/p313_049.wav,data/original/VCTK-Corpus/txt/p313/p313_049.txt,He was critically ill in hospital last night.,train_source,True,0.890000,2.950000,2.060000,5,0.00063265,0.00035147,0.02453577
p313_02,p313_117,p313,117,7.854375,data/original/VCTK-Corpus/wav48/p313/p313_117.wav,data/original/VCTK-Corpus/txt/p313/p313_117.txt,They will be destroyed.,train_source,True,0.470000,2.000000,1.530000,5,0.00054563,0.00030313,0.03749624
p313_03,p313_125,p313,125,3.413833,data/original/VCTK-Corpus/wav48/p313/p313_125.wav,data/original/VCTK-Corpus/txt/p313/p313_125.txt,"I was a spectator, that is as far as it goes.",train_source,True,0.430000,3.110000,2.680000,5,0.00053225,0.00029570,0.06112455
p313_04,p313_139,p313,139,3.073458,data/original/VCTK-Corpus/wav48/p313/p313_139.wav,data/original/VCTK-Corpus/txt/p313/p313_139.txt,"Sub Not Used, McCulloch.",train_source,True,0.860000,2.120000,1.260000,4,0.00052133,0.00028963,0.04231483
p313_05,p313_182,p313,182,3.928708,data/original/VCTK-Corpus/wav48/p313/p313_182.wav,data/original/VCTK-Corpus/txt/p313/p313_182.txt,From now on there is no hiding place.,train_source,True,0.880000,2.620000,1.740000,4,0.00068512,0.00038062,0.01316553
p313_06,p313_328,p313,328,3.286062,data/original/VCTK-Corpus/wav48/p313/p313_328.wav,data/original/VCTK-Corpus/txt/p313/p313_328.txt,It went on to become an annual event.,train_source,True,0.390000,2.260000,1.870000,3,0.00050961,0.00028312,0.02133596
p313_07,p313_343,p313,343,3.331021,data/original/VCTK-Corpus/wav48/p313/p313_343.wav,data/original/VCTK-Corpus/txt/p313/p313_343.txt,"It's no less intriguing, however.",train_source,True,0.960000,2.430000,1.470000,4,0.00058987,0.00032770,0.03787087
p313_08,p313_347,p313,347,3.371708,data/original/VCTK-Corpus/wav48/p313/p313_347.wav,data/original/VCTK-Corpus/txt/p313/p313_347.txt,This morning was very quiet.,train_source,True,0.460000,2.100000,1.640000,4,0.00056117,0.00031176,0.04350590
p313_09,p313_389,p313,389,5.506729,data/original/VCTK-Corpus/wav48/p313/p313_389.wav,data/original/VCTK-Corpus/txt/p313/p313_389.txt,That time is not far away.,train_source,True,0.420000,2.310000,1.890000,5,0.00056341,0.00031300,0.01331815
p314_01,p314_066,p314,066,4.016000,data/original/VCTK-Corpus/wav48/p314/p314_066.wav,data/original/VCTK-Corpus/txt/p314/p314_066.txt,They were later discharged from hospital.,train_source,True,1.180000,3.030000,1.850000,2,0.00050254,0.00027919,0.02575353
p314_02,p314_079,p314,079,3.541583,data/original/VCTK-Corpus/wav48/p314/p314_079.wav,data/original/VCTK-Corpus/txt/p314/p314_079.txt,I go home only once.,train_source,True,1.020000,2.430000,1.410000,3,0.00055504,0.00030835,0.01700142
p314_03,p314_088,p314,088,3.631396,data/original/VCTK-Corpus/wav48/p314/p314_088.wav,data/original/VCTK-Corpus/txt/p314/p314_088.txt,We should do everything at a stroke.,train_source,True,0.990000,2.820000,1.830000,4,0.00050433,0.00028018,0.03499014
p314_04,p314_227,p314,227,4.058458,data/original/VCTK-Corpus/wav48/p314/p314_227.wav,data/original/VCTK-Corpus/txt/p314/p314_227.txt,Asylum is an entirely different issue to race.,train_source,True,0.710000,3.250000,2.540000,3,0.00051266,0.00028481,0.02702461
p314_05,p314_244,p314,244,3.457063,data/original/VCTK-Corpus/wav48/p314/p314_244.wav,data/original/VCTK-Corpus/txt/p314/p314_244.txt,I don't have any answer for them.,train_source,True,1.460000,2.920000,1.460000,1,0.00051259,0.00028477,0.01744594
p314_06,p314_249,p314,249,3.759812,data/original/VCTK-Corpus/wav48/p314/p314_249.wav,data/original/VCTK-Corpus/txt/p314/p314_249.txt,I'm very pleased with what we have achieved.,train_source,True,1.010000,2.920000,1.910000,4,0.00050775,0.00028208,0.02363194
p314_07,p314_289,p314,289,3.204104,data/original/VCTK-Corpus/wav48/p314/p314_289.wav,data/original/VCTK-Corpus/txt/p314/p314_289.txt,I'm not putting myself down.,train_source,True,1.150000,2.680000,1.530000,3,0.00052443,0.00029135,0.02817398
p314_08,p314_304,p314,304,3.757625,data/original/VCTK-Corpus/wav48/p314/p314_304.wav,data/original/VCTK-Corpus/txt/p314/p314_304.txt,This club have been fair to me.,train_source,True,1.020000,2.890000,1.870000,5,0.00052564,0.00029202,0.03284426
p314_09,p314_389,p314,389,3.925667,data/original/VCTK-Corpus/wav48/p314/p314_389.wav,data/original/VCTK-Corpus/txt/p314/p314_389.txt,"At this level, you have all to perform well.",train_source,True,1.170000,3.700000,2.530000,5,0.00052109,0.00028949,0.04838637
p318_01,p318_090,p318,090,3.886000,data/original/VCTK-Corpus/wav48/p318/p318_090.wav,data/original/VCTK-Corpus/txt/p318/p318_090.txt,The Parliament will make its own decisions.,train_source,True,1.010000,2.930000,1.920000,4,0.00054525,0.00030292,0.04568251
p318_02,p318_095,p318,095,3.458813,data/original/VCTK-Corpus/wav48/p318/p318_095.wav,data/original/VCTK-Corpus/txt/p318/p318_095.txt,"Of course we know them, from their work in the theatre.",train_source,True,0.830000,3.220000,2.390000,4,0.00059248,0.00032915,0.03651335
p318_03,p318_176,p318,176,4.057417,data/original/VCTK-Corpus/wav48/p318/p318_176.wav,data/original/VCTK-Corpus/txt/p318/p318_176.txt,It is very much a matter for them.,train_source,True,0.920000,2.990000,2.070000,3,0.00054553,0.00030307,0.03864127
p318_04,p318_191,p318,191,3.930333,data/original/VCTK-Corpus/wav48/p318/p318_191.wav,data/original/VCTK-Corpus/txt/p318/p318_191.txt,We have understood the problems for some time.,train_source,True,0.730000,3.330000,2.600000,4,0.00054358,0.00030199,0.06202029
p318_05,p318_206,p318,206,3.800813,data/original/VCTK-Corpus/wav48/p318/p318_206.wav,data/original/VCTK-Corpus/txt/p318/p318_206.txt,A contractor was due to be appointed yesterday.,train_source,True,0.560000,3.380000,2.820000,9,0.00055679,0.00030933,0.04472877
p318_06,p318_240,p318,240,3.372750,data/original/VCTK-Corpus/wav48/p318/p318_240.wav,data/original/VCTK-Corpus/txt/p318/p318_240.txt,Life was like a timetable.,train_source,True,1.070000,2.510000,1.440000,3,0.00052085,0.00028936,0.04006882
p318_07,p318_390,p318,390,3.200917,data/original/VCTK-Corpus/wav48/p318/p318_390.wav,data/original/VCTK-Corpus/txt/p318/p318_390.txt,I may think about performing it.,train_source,True,1.160000,2.630000,1.470000,2,0.00055246,0.00030692,0.03113991
p318_08,p318_397,p318,397,3.290667,data/original/VCTK-Corpus/wav48/p318/p318_397.wav,data/original/VCTK-Corpus/txt/p318/p318_397.txt,"Instead, it is back to the drawing board.",train_source,True,0.810000,2.740000,1.930000,5,0.00058205,0.00032336,0.10385286
p323_01,p323_032,p323,032,3.417729,data/original/VCTK-Corpus/wav48/p323/p323_032.wav,data/original/VCTK-Corpus/txt/p323/p323_032.txt,Leisure centres were also affected.,train_source,True,0.450000,3.020000,2.570000,6,0.00052585,0.00029214,0.07651866
p323_02,p323_034,p323,034,4.993708,data/original/VCTK-Corpus/wav48/p323/p323_034.wav,data/original/VCTK-Corpus/txt/p323/p323_034.txt,"Meantime, the department is proposing structural changes.",train_source,True,0.520000,4.460000,3.940000,9,0.00059349,0.00032971,0.11483324
p323_03,p323_060,p323,060,3.712771,data/original/VCTK-Corpus/wav48/p323/p323_060.wav,data/original/VCTK-Corpus/txt/p323/p323_060.txt,I think that's a bit of an invasion.,train_source,True,0.560000,3.000000,2.440000,4,0.00056774,0.00031541,0.04518519
p323_04,p323_093,p323,093,4.611375,data/original/VCTK-Corpus/wav48/p323/p323_093.wav,data/original/VCTK-Corpus/txt/p323/p323_093.txt,Scotland came very close in the second Test.,train_source,True,0.770000,4.070000,3.300000,8,0.00060658,0.00033699,0.17671973
p323_05,p323_113,p323,113,3.844438,data/original/VCTK-Corpus/wav48/p323/p323_113.wav,data/original/VCTK-Corpus/txt/p323/p323_113.txt,I have played really well all year.,train_source,True,0.500000,3.340000,2.840000,4,0.00053120,0.00029511,0.07970103
p323_06,p323_127,p323,127,3.290500,data/original/VCTK-Corpus/wav48/p323/p323_127.wav,data/original/VCTK-Corpus/txt/p323/p323_127.txt,I would never say anything against her.,train_source,True,0.790000,2.950000,2.160000,4,0.00075438,0.00041910,0.05710885
p323_07,p323_167,p323,167,3.884708,data/original/VCTK-Corpus/wav48/p323/p323_167.wav,data/original/VCTK-Corpus/txt/p323/p323_167.txt,Nato has left them with no other option.,train_source,True,1.100000,3.600000,2.500000,4,0.00074723,0.00041513,0.07717290
p323_08,p323_305,p323,305,3.628458,data/original/VCTK-Corpus/wav48/p323/p323_305.wav,data/original/VCTK-Corpus/txt/p323/p323_305.txt,"I spoke with just one player, but not the others.",train_source,True,0.440000,3.570000,3.130000,11,0.00051756,0.00028753,0.07048729
p323_09,p323_401,p323,401,3.287333,data/original/VCTK-Corpus/wav48/p323/p323_401.wav,data/original/VCTK-Corpus/txt/p323/p323_401.txt,Five officers were injured.,train_source,True,0.600000,2.210000,1.610000,3,0.00050470,0.00028039,0.11468074
p330_01,p330_075,p330,075,3.029750,data/original/VCTK-Corpus/wav48/p330/p330_075.wav,data/original/VCTK-Corpus/txt/p330/p330_075.txt,This is purely financial.,train_source,True,1.040000,2.620000,1.580000,4,0.00050352,0.00027973,0.03783116
p330_02,p330_080,p330,080,3.670708,data/original/VCTK-Corpus/wav48/p330/p330_080.wav,data/original/VCTK-Corpus/txt/p330/p330_080.txt,I will not be in dialogue with her.,train_source,True,1.220000,2.960000,1.740000,3,0.00052215,0.00029008,0.00867171
p330_03,p330_092,p330,092,4.865125,data/original/VCTK-Corpus/wav48/p330/p330_092.wav,data/original/VCTK-Corpus/txt/p330/p330_092.txt,"Everything will fall into place, it should be fine.",train_source,True,1.090000,3.990000,2.900000,4,0.00051832,0.00028796,0.02690403
p330_04,p330_125,p330,125,4.271208,data/original/VCTK-Corpus/wav48/p330/p330_125.wav,data/original/VCTK-Corpus/txt/p330/p330_125.txt,Who will perform?,train_source,True,1.300000,2.250000,0.950000,2,0.00056614,0.00031452,0.00522367
p330_05,p330_186,p330,186,3.375854,data/original/VCTK-Corpus/wav48/p330/p330_186.wav,data/original/VCTK-Corpus/txt/p330/p330_186.txt,I think it'll be a great occasion.,train_source,True,1.150000,2.910000,1.760000,5,0.00053320,0.00029622,0.01347734
p330_06,p330_280,p330,280,4.736937,data/original/VCTK-Corpus/wav48/p330/p330_280.wav,data/original/VCTK-Corpus/txt/p330/p330_280.txt,"Who would take it now, after all this?",train_source,True,1.080000,3.270000,2.190000,5,0.00051603,0.00028668,0.02064534
p330_07,p330_348,p330,348,4.569250,data/original/VCTK-Corpus/wav48/p330/p330_348.wav,data/original/VCTK-Corpus/txt/p330/p330_348.txt,It was a poor performance.,train_source,True,1.240000,2.770000,1.530000,3,0.00275577,0.00153098,0.02466034
p330_08,p330_390,p330,390,3.246417,data/original/VCTK-Corpus/wav48/p330/p330_390.wav,data/original/VCTK-Corpus/txt/p330/p330_390.txt,The line-up is a tasty one.,train_source,True,1.050000,2.760000,1.710000,4,0.00071193,0.00039552,0.02222391
p330_09,p330_404,p330,404,3.927771,data/original/VCTK-Corpus/wav48/p330/p330_404.wav,data/original/VCTK-Corpus/txt/p330/p330_404.txt,She had travelled to Spain to give evidence.,train_source,True,0.900000,3.460000,2.560000,7,0.00051234,0.00028463,0.02970911
p335_01,p335_066,p335,066,5.038021,data/original/VCTK-Corpus/wav48/p335/p335_066.wav,data/original/VCTK-Corpus/txt/p335/p335_066.txt,"It probably didn't feel anything, she added.",train_source,True,2.270000,4.390000,2.120000,4,0.00053145,0.00029525,0.02070871
p335_02,p335_098,p335,098,4.396208,data/original/VCTK-Corpus/wav48/p335/p335_098.wav,data/original/VCTK-Corpus/txt/p335/p335_098.txt,"Harrowing is easy, after all.",train_source,True,1.550000,4.070000,2.520000,4,0.00052287,0.00029048,0.04209004
p335_03,p335_121,p335,121,3.627458,data/original/VCTK-Corpus/wav48/p335/p335_121.wav,data/original/VCTK-Corpus/txt/p335/p335_121.txt,The final stage is paranoia.,train_source,True,0.690000,2.760000,2.070000,3,0.00052703,0.00029279,0.04983455
p335_04,p335_168,p335,168,4.824458,data/original/VCTK-Corpus/wav48/p335/p335_168.wav,data/original/VCTK-Corpus/txt/p335/p335_168.txt,"However, Dundee deserved to win this game.",train_source,True,1.030000,4.190000,3.160000,5,0.00053621,0.00029789,0.07945839
p335_05,p335_298,p335,298,3.245021,data/original/VCTK-Corpus/wav48/p335/p335_298.wav,data/original/VCTK-Corpus/txt/p335/p335_298.txt,A counter reaction was.,train_source,True,1.120000,2.800000,1.680000,3,0.00052953,0.00029419,0.04289270
p335_06,p335_300,p335,300,4.527312,data/original/VCTK-Corpus/wav48/p335/p335_300.wav,data/original/VCTK-Corpus/txt/p335/p335_300.txt,"Sadly, the revival could not be sustained.",train_source,True,0.990000,3.770000,2.780000,5,0.00051626,0.00028681,0.06625931
p335_07,p335_316,p335,316,3.500667,data/original/VCTK-Corpus/wav48/p335/p335_316.wav,data/original/VCTK-Corpus/txt/p335/p335_316.txt,The company's in good shape.,train_source,True,1.260000,2.960000,1.700000,6,0.00057780,0.00032100,0.03732780
p335_08,p335_333,p335,333,4.439250,data/original/VCTK-Corpus/wav48/p335/p335_333.wav,data/original/VCTK-Corpus/txt/p335/p335_333.txt,"There is no magical figure, but there are criteria.",train_source,True,0.980000,4.030000,3.050000,6,0.00054619,0.00030344,0.07113799
p335_09,p335_340,p335,340,3.290667,data/original/VCTK-Corpus/wav48/p335/p335_340.wav,data/original/VCTK-Corpus/txt/p335/p335_340.txt,I'm the one who has to suffer.,train_source,True,1.480000,3.120000,1.640000,1,0.00051392,0.00028551,0.06026593
p340_01,p340_009,p340,009,5.210375,data/original/VCTK-Corpus/wav48/p340/p340_009.wav,data/original/VCTK-Corpus/txt/p340/p340_009.txt,"There is , according to legend, a boiling pot of gold at one end.",train_source,True,0.640000,4.720000,4.080000,9,0.00052794,0.00029330,0.02251567
p340_02,p340_091,p340,091,3.204312,data/original/VCTK-Corpus/wav48/p340/p340_091.wav,data/original/VCTK-Corpus/txt/p340/p340_091.txt,It could be to do with the location.,train_source,True,0.980000,2.240000,1.260000,3,0.00056147,0.00031193,0.02570204
p340_03,p340_141,p340,141,3.372146,data/original/VCTK-Corpus/wav48/p340/p340_141.wav,data/original/VCTK-Corpus/txt/p340/p340_141.txt,He was shaking like a leaf.,train_source,True,0.790000,2.180000,1.390000,3,0.00054387,0.00030215,0.03856251
p340_04,p340_146,p340,146,3.629021,data/original/VCTK-Corpus/wav48/p340/p340_146.wav,data/original/VCTK-Corpus/txt/p340/p340_146.txt,Openness is always the best way.,train_source,True,0.830000,2.370000,1.540000,5,0.00055983,0.00031102,0.03299842
p340_05,p340_147,p340,147,3.628292,data/original/VCTK-Corpus/wav48/p340/p340_147.wav,data/original/VCTK-Corpus/txt/p340/p340_147.txt,It added to the spectacle.,train_source,True,0.990000,2.160000,1.170000,4,0.00052942,0.00029412,0.04600399
p340_06,p340_212,p340,212,4.185375,data/original/VCTK-Corpus/wav48/p340/p340_212.wav,data/original/VCTK-Corpus/txt/p340/p340_212.txt,We have to put pressure on Rangers.,train_source,True,0.990000,2.600000,1.610000,4,0.00052878,0.00029377,0.03126305
p340_07,p340_254,p340,254,3.627500,data/original/VCTK-Corpus/wav48/p340/p340_254.wav,data/original/VCTK-Corpus/txt/p340/p340_254.txt,Let's make this clear.,train_source,True,0.680000,1.670000,0.990000,4,0.00050599,0.00028111,0.06745946
p340_08,p340_352,p340,352,3.458208,data/original/VCTK-Corpus/wav48/p340/p340_352.wav,data/original/VCTK-Corpus/txt/p340/p340_352.txt,She is also claiming constructive and unfair dismissal.,train_source,True,0.650000,3.220000,2.570000,5,0.00054958,0.00030532,0.04762043
p340_09,p340_376,p340,376,3.116729,data/original/VCTK-Corpus/wav48/p340/p340_376.wav,data/original/VCTK-Corpus/txt/p340/p340_376.txt,"Sadly, it took a tragedy to change things.",train_source,True,0.620000,2.980000,2.360000,9,0.00062045,0.00034469,0.03993220
p343_01,p343_062,p343,062,3.674167,data/original/VCTK-Corpus/wav48/p343/p343_062.wav,data/original/VCTK-Corpus/txt/p343/p343_062.txt,But that's another story for another day.,train_source,True,1.020000,3.020000,2.000000,9,0.00055236,0.00030687,0.02042013
p343_02,p343_169,p343,169,3.714083,data/original/VCTK-Corpus/wav48/p343/p343_169.wav,data/original/VCTK-Corpus/txt/p343/p343_169.txt,"On reflection, it was really quite exciting.",train_source,True,1.020000,3.340000,2.320000,6,0.00053649,0.00029805,0.02172581
p343_03,p343_197,p343,197,4.484792,data/original/VCTK-Corpus/wav48/p343/p343_197.wav,data/original/VCTK-Corpus/txt/p343/p343_197.txt,A handful of those restrictions are in Scotland.,train_source,True,1.080000,3.630000,2.550000,4,0.00055801,0.00031001,0.02622472
p343_04,p343_228,p343,228,3.501667,data/original/VCTK-Corpus/wav48/p343/p343_228.wav,data/original/VCTK-Corpus/txt/p343/p343_228.txt,"It is, however, an unlikely outcome.",train_source,True,0.720000,3.150000,2.430000,5,0.00051134,0.00028408,0.02310004
p343_05,p343_267,p343,267,4.868458,data/original/VCTK-Corpus/wav48/p343/p343_267.wav,data/original/VCTK-Corpus/txt/p343/p343_267.txt,"If he could have prevented it happening, he would have.",train_source,True,0.870000,4.490000,3.620000,8,0.00050695,0.00028164,0.01265257
p343_06,p343_298,p343,298,3.159542,data/original/VCTK-Corpus/wav48/p343/p343_298.wav,data/original/VCTK-Corpus/txt/p343/p343_298.txt,It's the whole package.,train_source,True,1.670000,2.990000,1.320000,4,0.00054961,0.00030534,0.02646346
p343_07,p343_341,p343,341,4.055063,data/original/VCTK-Corpus/wav48/p343/p343_341.wav,data/original/VCTK-Corpus/txt/p343/p343_341.txt,I started on fire a couple of times.,train_source,True,0.630000,3.730000,3.100000,8,0.00051789,0.00028771,0.02979555
p343_08,p343_344,p343,344,3.117125,data/original/VCTK-Corpus/wav48/p343/p343_344.wav,data/original/VCTK-Corpus/txt/p343/p343_344.txt,They will be up for it for sure.,train_source,True,0.650000,2.570000,1.920000,5,0.00052014,0.00028896,0.01893007
p343_09,p343_352,p343,352,3.417813,data/original/VCTK-Corpus/wav48/p343/p343_352.wav,data/original/VCTK-Corpus/txt/p343/p343_352.txt,"At the moment, Michael is in a class of his own.",train_source,True,0.720000,3.090000,2.370000,6,0.00051338,0.00028521,0.02115590
p345_01,p345_037,p345,037,3.503687,data/original/VCTK-Corpus/wav48/p345/p345_037.wav,data/original/VCTK-Corpus/txt/p345/p345_037.txt,I was completely knackered.,train_source,True,1.450000,2.720000,1.270000,4,0.00053553,0.00029751,0.03029286
p345_02,p345_045,p345,045,3.330687,data/original/VCTK-Corpus/wav48/p345/p345_045.wav,data/original/VCTK-Corpus/txt/p345/p345_045.txt,We would certainly consider the proposals.,train_source,True,1.030000,2.910000,1.880000,4,0.00051345,0.00028525,0.03769434
p345_03,p345_115,p345,115,4.229042,data/original/VCTK-Corpus/wav48/p345/p345_115.wav,data/original/VCTK-Corpus/txt/p345/p345_115.txt,Together they will attempt to express the whole.,train_source,True,0.810000,2.810000,2.000000,6,0.00053124,0.00029513,0.02188724
p345_04,p345_133,p345,133,3.457354,data/original/VCTK-Corpus/wav48/p345/p345_133.wav,data/original/VCTK-Corpus/txt/p345/p345_133.txt,I don't know where that one came from.,train_source,True,1.080000,2.440000,1.360000,2,0.00052628,0.00029238,0.02530497
p345_05,p345_234,p345,234,3.716708,data/original/VCTK-Corpus/wav48/p345/p345_234.wav,data/original/VCTK-Corpus/txt/p345/p345_234.txt,That is not an easy thing.,train_source,True,1.110000,2.200000,1.090000,1,0.00054236,0.00030131,0.01538686
p345_06,p345_259,p345,259,4.312646,data/original/VCTK-Corpus/wav48/p345/p345_259.wav,data/original/VCTK-Corpus/txt/p345/p345_259.txt,The observer saw no evidence of fighting.,train_source,True,1.200000,3.120000,1.920000,1,0.00067155,0.00037308,0.02821698
p345_07,p345_275,p345,275,5.589563,data/original/VCTK-Corpus/wav48/p345/p345_275.wav,data/original/VCTK-Corpus/txt/p345/p345_275.txt,Anyone else can apply.,train_source,True,1.150000,2.170000,1.020000,3,0.00053664,0.00029813,0.02454795
p345_08,p345_279,p345,279,3.202729,data/original/VCTK-Corpus/wav48/p345/p345_279.wav,data/original/VCTK-Corpus/txt/p345/p345_279.txt,The whole thing has been a fantastic experience.,train_source,True,0.860000,3.070000,2.210000,5,0.00051360,0.00028533,0.02006942
p347_01,p347_058,p347,058,3.628250,data/original/VCTK-Corpus/wav48/p347/p347_058.wav,data/original/VCTK-Corpus/txt/p347/p347_058.txt,"From our point of view, the player is free to leave.",train_source,True,0.860000,3.170000,2.310000,6,0.00053326,0.00029626,0.01511629
p347_02,p347_074,p347,074,3.243208,data/original/VCTK-Corpus/wav48/p347/p347_074.wav,data/original/VCTK-Corpus/txt/p347/p347_074.txt,I think we will join the single currency.,train_source,True,0.660000,2.780000,2.120000,7,0.00052365,0.00029092,0.01200640
p347_03,p347_121,p347,121,3.842104,data/original/VCTK-Corpus/wav48/p347/p347_121.wav,data/original/VCTK-Corpus/txt/p347/p347_121.txt,"Whatever he does, however, it will be decisive.",train_source,True,1.050000,3.310000,2.260000,6,0.00054959,0.00030533,0.00854806
p347_04,p347_163,p347,163,3.074917,data/original/VCTK-Corpus/wav48/p347/p347_163.wav,data/original/VCTK-Corpus/txt/p347/p347_163.txt,We offered something different.,train_source,True,1.070000,2.470000,1.400000,5,0.00053204,0.00029558,0.00842163
p347_05,p347_182,p347,182,3.929750,data/original/VCTK-Corpus/wav48/p347/p347_182.wav,data/original/VCTK-Corpus/txt/p347/p347_182.txt,Moving from Manchester to London was upheaval enough.,train_source,True,0.730000,3.670000,2.940000,7,0.00053718,0.00029843,0.00769415
p347_06,p347_267,p347,267,4.013479,data/original/VCTK-Corpus/wav48/p347/p347_267.wav,data/original/VCTK-Corpus/txt/p347/p347_267.txt,I'm quite embarrassed and ashamed of doing that.,train_source,True,1.170000,3.380000,2.210000,6,0.00051488,0.00028605,0.01446283
p347_07,p347_271,p347,271,4.182062,data/original/VCTK-Corpus/wav48/p347/p347_271.wav,data/original/VCTK-Corpus/txt/p347/p347_271.txt,It was a journey into a new life.,train_source,True,1.280000,3.080000,1.800000,4,0.00051600,0.00028667,0.02184415
p347_08,p347_314,p347,314,3.123396,data/original/VCTK-Corpus/wav48/p347/p347_314.wav,data/original/VCTK-Corpus/txt/p347/p347_314.txt,He will make an excellent chief inspector.,train_source,True,0.650000,2.140000,1.490000,6,0.00055391,0.00030773,0.01077534
p347_09,p347_360,p347,360,3.332917,data/original/VCTK-Corpus/wav48/p347/p347_360.wav,data/original/VCTK-Corpus/txt/p347/p347_360.txt,"No, it's actually in a block of flats.",train_source,True,1.130000,3.110000,1.980000,6,0.00055607,0.00030893,0.01334299
p351_01,p351_125,p351,125,3.499479,data/original/VCTK-Corpus/wav48/p351/p351_125.wav,data/original/VCTK-Corpus/txt/p351/p351_125.txt,Pity he couldn't produce a winning British team.,train_source,True,1.200000,3.250000,2.050000,2,0.00052394,0.00029108,0.05780252
p351_02,p351_178,p351,178,3.074375,data/original/VCTK-Corpus/wav48/p351/p351_178.wav,data/original/VCTK-Corpus/txt/p351/p351_178.txt,Clubs can only do so much.,train_source,True,1.340000,2.800000,1.460000,2,0.00053042,0.00029468,0.06160946
p351_03,p351_182,p351,182,3.798250,data/original/VCTK-Corpus/wav48/p351/p351_182.wav,data/original/VCTK-Corpus/txt/p351/p351_182.txt,That's the way things are heading.,train_source,True,1.050000,2.640000,1.590000,2,0.00059535,0.00033075,0.09271180
p351_04,p351_266,p351,266,3.671146,data/original/VCTK-Corpus/wav48/p351/p351_266.wav,data/original/VCTK-Corpus/txt/p351/p351_266.txt,"However, there could be more bad weather to come.",train_source,True,1.050000,3.410000,2.360000,2,0.00053061,0.00029478,0.02995755
p351_05,p351_329,p351,329,3.460313,data/original/VCTK-Corpus/wav48/p351/p351_329.wav,data/original/VCTK-Corpus/txt/p351/p351_329.txt,The board is currently resolving its differences.,train_source,True,0.920000,3.410000,2.490000,5,0.00051961,0.00028867,0.05202332
p351_06,p351_337,p351,337,3.500708,data/original/VCTK-Corpus/wav48/p351/p351_337.wav,data/original/VCTK-Corpus/txt/p351/p351_337.txt,It's so much more fun.,train_source,True,1.110000,2.190000,1.080000,1,0.00053960,0.00029978,0.12325143
p351_07,p351_367,p351,367,3.375792,data/original/VCTK-Corpus/wav48/p351/p351_367.wav,data/original/VCTK-Corpus/txt/p351/p351_367.txt,Now we see the impact of global politics.,train_source,True,1.150000,3.280000,2.130000,4,0.00050219,0.00027899,0.07381675
p351_08,p351_374,p351,374,3.289667,data/original/VCTK-Corpus/wav48/p351/p351_374.wav,data/original/VCTK-Corpus/txt/p351/p351_374.txt,"It may be down, but New York is not out.",train_source,True,0.770000,3.120000,2.350000,6,0.00052500,0.00029167,0.04148777
p351_09,p351_401,p351,401,3.802396,data/original/VCTK-Corpus/wav48/p351/p351_401.wav,data/original/VCTK-Corpus/txt/p351/p351_401.txt,I am very excited about this season.,train_source,True,1.040000,3.490000,2.450000,2,0.00055621,0.00030901,0.05989987
p361_01,p361_054,p361,054,3.075500,data/original/VCTK-Corpus/wav48/p361/p361_054.wav,data/original/VCTK-Corpus/txt/p361/p361_054.txt,A final agreement has not yet been completed.,train_source,True,0.520000,2.620000,2.100000,6,0.00056292,0.00031273,0.05596337
p361_02,p361_109,p361,109,3.502604,data/original/VCTK-Corpus/wav48/p361/p361_109.wav,data/original/VCTK-Corpus/txt/p361/p361_109.txt,Talk of a crisis is absurd.,train_source,True,1.000000,2.390000,1.390000,4,0.00050855,0.00028253,0.03525238
p361_03,p361_112,p361,112,4.225729,data/original/VCTK-Corpus/wav48/p361/p361_112.wav,data/original/VCTK-Corpus/txt/p361/p361_112.txt,"Next league matches, Aberdeen - Dundee United.",train_source,True,1.430000,3.690000,2.260000,6,0.00052902,0.00029390,0.04922300
p361_04,p361_126,p361,126,3.712458,data/original/VCTK-Corpus/wav48/p361/p361_126.wav,data/original/VCTK-Corpus/txt/p361/p361_126.txt,He has gone through the process before.,train_source,True,0.830000,2.600000,1.770000,5,0.00054595,0.00030331,0.06525230
p361_05,p361_130,p361,130,3.157708,data/original/VCTK-Corpus/wav48/p361/p361_130.wav,data/original/VCTK-Corpus/txt/p361/p361_130.txt,It will be released in October.,train_source,True,0.970000,2.330000,1.360000,5,0.00058349,0.00032416,0.02503703
p361_06,p361_139,p361,139,4.013813,data/original/VCTK-Corpus/wav48/p361/p361_139.wav,data/original/VCTK-Corpus/txt/p361/p361_139.txt,It has to find out what went wrong.,train_source,True,0.710000,2.630000,1.920000,4,0.00051196,0.00028442,0.04994642
p361_07,p361_174,p361,174,3.205333,data/original/VCTK-Corpus/wav48/p361/p361_174.wav,data/original/VCTK-Corpus/txt/p361/p361_174.txt,The quality of life is difficult for them.,train_source,True,1.310000,2.960000,1.650000,3,0.00051240,0.00028467,0.05224365
p361_08,p361_315,p361,315,3.499833,data/original/VCTK-Corpus/wav48/p361/p361_315.wav,data/original/VCTK-Corpus/txt/p361/p361_315.txt,They are already there.,train_source,True,1.650000,2.970000,1.320000,4,0.00052477,0.00029154,0.03095503
p361_09,p361_411,p361,411,3.329146,data/original/VCTK-Corpus/wav48/p361/p361_411.wav,data/original/VCTK-Corpus/txt/p361/p361_411.txt,I found that we couldn't.,train_source,True,0.970000,1.790000,0.820000,2,0.00050051,0.00027806,0.03698469
